State Code,State Name,District Code,District Name,SubDistrict Code,SubDistrict Name,Village Code,Village Name,Pincode
30,Goa,551,North Goa,5610,Bardez,626704,Aldona (Ct),403508
30,Goa,551,North Goa,5610,Bardez,626694,Anjuna (Ct),403509
30,Goa,551,North Goa,5610,Bardez,626673,Arpora,403516
30,Goa,551,North Goa,5610,Bardez,626672,Assagao,403507
30,Goa,551,North Goa,5610,Bardez,626668,Assonora,403503
30,Goa,551,North Goa,5610,Bardez,626678,Bastora,403507
30,Goa,551,North Goa,5610,Bardez,626695,Calangute (Ct),403516
30,Goa,551,North Goa,5610,Bardez,626685,Calvim,403523
30,Goa,551,North Goa,5610,Bardez,626663,Camurlim,403507
30,Goa,551,North Goa,5610,Bardez,626677,Canca,403510
30,Goa,551,North Goa,5610,Bardez,626697,Candolim (Ct),403515
30,Goa,551,North Goa,5610,Bardez,626691,Colvale (Ct),403513
30,Goa,551,North Goa,5610,Bardez,626683,Corjuem,403508
30,Goa,551,North Goa,5610,Bardez,945828,Corlim,403507
30,Goa,551,North Goa,5610,Bardez,945829,Cunchelim,403507
30,Goa,551,North Goa,5610,Bardez,626693,Guirim (Ct),403507
30,Goa,551,North Goa,5610,Bardez,626671,Marna,403517
30,Goa,551,North Goa,5610,Bardez,626689,Marra,403114
30,Goa,551,North Goa,5610,Bardez,945830,Mhapsa,403507
30,Goa,551,North Goa,5610,Bardez,626692,Moira (Ct),403507
30,Goa,551,North Goa,5610,Bardez,626667,Moitem,403503
30,Goa,551,North Goa,5610,Bardez,626682,Nachinola,403508
30,Goa,551,North Goa,5610,Bardez,626665,Nadora,403513
30,Goa,551,North Goa,5610,Bardez,626674,Nagoa,403516
30,Goa,551,North Goa,5610,Bardez,626698,Nerul (Ct),403114
30,Goa,551,North Goa,5610,Bardez,626686,Olaulim,403523
30,Goa,551,North Goa,5610,Bardez,626662,Oxel,403517
30,Goa,551,North Goa,5610,Bardez,626679,Paliem,403507
30,Goa,551,North Goa,5610,Bardez,626675,Parra,403510
30,Goa,551,North Goa,5610,Bardez,626701,Penha-De-Franca (Ct),403101
30,Goa,551,North Goa,5610,Bardez,626700,Pilerne (Ct),403114
30,Goa,551,North Goa,5610,Bardez,626666,Pirna,403513
30,Goa,551,North Goa,5610,Bardez,626687,Pomburpa,403523
30,Goa,551,North Goa,5610,Bardez,626684,Ponolem,403507
30,Goa,551,North Goa,5610,Bardez,626680,Punola,403507
30,Goa,551,North Goa,5610,Bardez,626699,Reis-Magos,403114
30,Goa,551,North Goa,5610,Bardez,626664,Revora,403513
30,Goa,551,North Goa,5610,Bardez,626696,Saligao (Ct),403511
30,Goa,551,North Goa,5610,Bardez,626702,Salvador-Do-Mundo (Ct),403101
30,Goa,551,North Goa,5610,Bardez,626688,Sangolda,403511
30,Goa,551,North Goa,5610,Bardez,626690,Siolim (Ct),403517
30,Goa,551,North Goa,5610,Bardez,626669,Sircaim,403502
30,Goa,551,North Goa,5610,Bardez,626703,Socorro (Ct),403501
30,Goa,551,North Goa,5610,Bardez,626670,Tivim,403502
30,Goa,551,North Goa,5610,Bardez,626681,Ucassaim,403507
30,Goa,551,North Goa,5610,Bardez,626676,Verla,403510
30,Goa,551,North Goa,5612,Bicholim,626745,Adwalpale,403503
30,Goa,551,North Goa,5612,Bicholim,626758,Amone,403107
30,Goa,551,North Goa,5612,Bicholim,917385,Arvalem,403505
30,Goa,551,North Goa,5612,Bicholim,626754,Aturli,403504
30,Goa,551,North Goa,5612,Bicholim,945831,Bicholim,403504
30,Goa,551,North Goa,5612,Bicholim,924814,Bordem,403504
30,Goa,551,North Goa,5612,Bicholim,626763,Carapur (Ct),403505
30,Goa,551,North Goa,5612,Bicholim,626760,Cotombi,403505
30,Goa,551,North Goa,5612,Bicholim,626757,Cudnem,403505
30,Goa,551,North Goa,5612,Bicholim,626750,Curchirem,403505
30,Goa,551,North Goa,5612,Bicholim,626742,Dumacem,403513
30,Goa,551,North Goa,5612,Bicholim,924818,Lamgao,403504
30,Goa,551,North Goa,5612,Bicholim,626744,Latambarcem,403503
30,Goa,551,North Goa,5612,Bicholim,626752,Maem,403504
30,Goa,551,North Goa,5612,Bicholim,626749,Maulinguem-North,403504
30,Goa,551,North Goa,5612,Bicholim,945845,Maulinguem South,403504
30,Goa,551,North Goa,5612,Bicholim,626741,Mencurem,403513
30,Goa,551,North Goa,5612,Bicholim,626747,Mulgao,403503
30,Goa,551,North Goa,5612,Bicholim,626755,Naroa,403504
30,Goa,551,North Goa,5612,Bicholim,626759,Navelim,403505
30,Goa,551,North Goa,5612,Bicholim,626748,Ona,403504
30,Goa,551,North Goa,5612,Bicholim,626764,Pale (Ct),403105
30,Goa,551,North Goa,5612,Bicholim,626756,Piligao,403504
30,Goa,551,North Goa,5612,Bicholim,626743,Salem,403503
30,Goa,551,North Goa,5612,Bicholim,945832,Sankhali,403504
30,Goa,551,North Goa,5612,Bicholim,626751,Sarvona,403529
30,Goa,551,North Goa,5612,Bicholim,626746,Sirigao,403503
30,Goa,551,North Goa,5612,Bicholim,626761,Surla,403505
30,Goa,551,North Goa,5612,Bicholim,626753,Vainguinim,403504
30,Goa,551,North Goa,5612,Bicholim,626762,Velguem,403105
30,Goa,551,North Goa,5612,Bicholim,924826,Virdi,403505
30,Goa,551,North Goa,5609,Pernem,626657,Agarvado,403512
30,Goa,551,North Goa,5609,Pernem,626649,Alorna,403503
30,Goa,551,North Goa,5609,Pernem,626643,Amberem,403512
30,Goa,551,North Goa,5609,Pernem,626658,Arambol (Ct),403524
30,Goa,551,North Goa,5609,Pernem,626651,Cansarvornem,403512
30,Goa,551,North Goa,5609,Pernem,626641,Casnem,403512
30,Goa,551,North Goa,5609,Pernem,626648,Chandel,403512
30,Goa,551,North Goa,5609,Pernem,626656,Chopdem,403512
30,Goa,551,North Goa,5609,Pernem,626638,Corgao,403512
30,Goa,551,North Goa,5609,Pernem,626653,Dargalim,403513
30,Goa,551,North Goa,5609,Pernem,626650,Ibrampur,403503
30,Goa,551,North Goa,5609,Pernem,626659,Mandrem (Ct),403527
30,Goa,551,North Goa,5609,Pernem,626647,Mopa,403512
30,Goa,551,North Goa,5609,Pernem,626661,Morgim,403512
30,Goa,551,North Goa,5609,Pernem,626652,Ozorim,403513
30,Goa,551,North Goa,5609,Pernem,626637,Paliem,403524
30,Goa,551,North Goa,5609,Pernem,626660,Parcem (Ct),403512
30,Goa,551,North Goa,5609,Pernem,626639,Pernem,403512
30,Goa,551,North Goa,5609,Pernem,626640,Poroscodem,403512
30,Goa,551,North Goa,5609,Pernem,626636,Querim,403524
30,Goa,551,North Goa,5609,Pernem,626645,Tamboxem,403512
30,Goa,551,North Goa,5609,Pernem,626635,Tiracol,403524
30,Goa,551,North Goa,5609,Pernem,626646,Torxem,403512
30,Goa,551,North Goa,5609,Pernem,626655,Tuem,403512
30,Goa,551,North Goa,5609,Pernem,626644,Uguem,403512
30,Goa,551,North Goa,5609,Pernem,626642,Varconda,403512
30,Goa,551,North Goa,5609,Pernem,626654,Virnora,403512
30,Goa,551,North Goa,5613,Satari,626825,Advoi,403530
30,Goa,551,North Goa,5613,Satari,626803,Ambedem,403506
30,Goa,551,North Goa,5613,Satari,626839,Ambeli,403506
30,Goa,551,North Goa,5613,Satari,626770,Anjunem,403505
30,Goa,551,North Goa,5613,Satari,626814,Ansolem,403506
30,Goa,551,North Goa,5613,Satari,626836,Assodem,403506
30,Goa,551,North Goa,5613,Satari,626830,Birondem,403506
30,Goa,551,North Goa,5613,Satari,626802,Bombedem,403506
30,Goa,551,North Goa,5613,Satari,626807,Buimpal,403530
30,Goa,551,North Goa,5613,Satari,626793,Carambolim- Brama,403506
30,Goa,551,North Goa,5613,Satari,626821,Carambolim-Buzruco,403506
30,Goa,551,North Goa,5613,Satari,626820,Caranzol,403506
30,Goa,551,North Goa,5613,Satari,626773,Choraundem,403506
30,Goa,551,North Goa,5613,Satari,626780,Codal,403506
30,Goa,551,North Goa,5613,Satari,626812,Codiem,403530
30,Goa,551,North Goa,5613,Satari,626823,Codqui,403506
30,Goa,551,North Goa,5613,Satari,626818,Codvol,403506
30,Goa,551,North Goa,5613,Satari,626790,Compordem,403506
30,Goa,551,North Goa,5613,Satari,626841,Conquirem,403506
30,Goa,551,North Goa,5613,Satari,626832,Cotorem,403506
30,Goa,551,North Goa,5613,Satari,626815,Cudcem,403506
30,Goa,551,North Goa,5613,Satari,626808,Cumarconda,403530
30,Goa,551,North Goa,5613,Satari,626789,Dabem,403506
30,Goa,551,North Goa,5613,Satari,626831,Damocem,403506
30,Goa,551,North Goa,5613,Satari,626801,Davem,403506
30,Goa,551,North Goa,5613,Satari,626779,Derodem,403506
30,Goa,551,North Goa,5613,Satari,626782,Dongurli,403506
30,Goa,551,North Goa,5613,Satari,626791,Edorem,403506
30,Goa,551,North Goa,5613,Satari,626776,Golauli,403506
30,Goa,551,North Goa,5613,Satari,626768,Gonteli,403505
30,Goa,551,North Goa,5613,Satari,626837,Govanem,403506
30,Goa,551,North Goa,5613,Satari,626828,Guleli,403506
30,Goa,551,North Goa,5613,Satari,626784,Gululem,403506
30,Goa,551,North Goa,5613,Satari,626774,Ivrem-Buzruco,403506
30,Goa,551,North Goa,5613,Satari,626775,Ivrem-Curdo,403506
30,Goa,551,North Goa,5613,Satari,626796,Maloli,403506
30,Goa,551,North Goa,5613,Satari,626838,Malpona,403506
30,Goa,551,North Goa,5613,Satari,924819,Massordem,403506
30,Goa,551,North Goa,5613,Satari,626806,Mauxi,403506
30,Goa,551,North Goa,5613,Satari,626840,Melauli,403506
30,Goa,551,North Goa,5613,Satari,626786,Morlem,403505
30,Goa,551,North Goa,5613,Satari,626804,Nagargao,403506
30,Goa,551,North Goa,5613,Satari,626813,Naguem,403506
30,Goa,551,North Goa,5613,Satari,626792,Naneli,403506
30,Goa,551,North Goa,5613,Satari,626797,Nanorem,403506
30,Goa,551,North Goa,5613,Satari,924821,Nanus,403506
30,Goa,551,North Goa,5613,Satari,626842,Onda (Ct),403530
30,Goa,551,North Goa,5613,Satari,626829,Padeli,403506
30,Goa,551,North Goa,5613,Satari,626783,Pale,403506
30,Goa,551,North Goa,5613,Satari,626819,Pendral,403506
30,Goa,551,North Goa,5613,Satari,626809,Pissurlem,403530
30,Goa,551,North Goa,5613,Satari,626765,Podocem,403505
30,Goa,551,North Goa,5613,Satari,626826,Ponocem,403530
30,Goa,551,North Goa,5613,Satari,626772,Ponsuli,403505
30,Goa,551,North Goa,5613,Satari,626766,Poriem,403505
30,Goa,551,North Goa,5613,Satari,626771,Quelaudem,403505
30,Goa,551,North Goa,5613,Satari,626785,Querim,403505
30,Goa,551,North Goa,5613,Satari,626767,Ravona,403505
30,Goa,551,North Goa,5613,Satari,626781,Rivem,403506
30,Goa,551,North Goa,5613,Satari,626787,Saleli,403530
30,Goa,551,North Goa,5613,Satari,626824,Sanvorcem,403506
30,Goa,551,North Goa,5613,Satari,626816,Sanvordem,403506
30,Goa,551,North Goa,5613,Satari,626805,Satorem,403506
30,Goa,551,North Goa,5613,Satari,626778,Satrem,403506
30,Goa,551,North Goa,5613,Satari,626795,Sigonem,403506
30,Goa,551,North Goa,5613,Satari,626834,Siranguli,403506
30,Goa,551,North Goa,5613,Satari,626769,Siroli,403505
30,Goa,551,North Goa,5613,Satari,626835,Sirsodem,403506
30,Goa,551,North Goa,5613,Satari,626817,Sonal,403506
30,Goa,551,North Goa,5613,Satari,626810,Sonus-Vonvoliem,403530
30,Goa,551,North Goa,5613,Satari,626777,Surla,403506
30,Goa,551,North Goa,5613,Satari,626800,Ustem,403506
30,Goa,551,North Goa,5613,Satari,626811,Vaguriem,403530
30,Goa,551,North Goa,5613,Satari,626798,Vainguinim,403506
30,Goa,551,North Goa,5613,Satari,945833,Valpoi,403506
30,Goa,551,North Goa,5613,Satari,626827,Vantem,403530
30,Goa,551,North Goa,5613,Satari,626822,Velguem,403506
30,Goa,551,North Goa,5613,Satari,924825,Velus,403506
30,Goa,551,North Goa,5613,Satari,626794,Xelopo-Buzruco,403506
30,Goa,551,North Goa,5613,Satari,626833,Xelopo-Curdo,403506
30,Goa,551,North Goa,5613,Satari,626799,Zarani,403506
30,Goa,551,North Goa,5613,Satari,626788,Zormen,403506
30,Goa,551,North Goa,5611,Tiswadi,626705,Ambarim,403102
30,Goa,551,North Goa,5611,Tiswadi,626719,Azossim,403104
30,Goa,551,North Goa,5611,Tiswadi,626715,Bainguinim,403402
30,Goa,551,North Goa,5611,Tiswadi,626733,Bambolim (Ct),403202
30,Goa,551,North Goa,5611,Tiswadi,626722,Batim,403108
30,Goa,551,North Goa,5611,Tiswadi,626732,Calapor (Ct),403005
30,Goa,551,North Goa,5611,Tiswadi,626708,Capao,403403
30,Goa,551,North Goa,5611,Tiswadi,626707,Caraim,403102
30,Goa,551,North Goa,5611,Tiswadi,626718,Carambolim,403110
30,Goa,551,North Goa,5611,Tiswadi,626730,Chimbel (Ct),403006
30,Goa,551,North Goa,5611,Tiswadi,626706,Chorao,403102
30,Goa,551,North Goa,5611,Tiswadi,626729,Corlim (Ct),403110
30,Goa,551,North Goa,5611,Tiswadi,626740,Cujira (Og),403005
30,Goa,551,North Goa,5611,Tiswadi,626728,Cumbarjua (Ct),403107
30,Goa,551,North Goa,5611,Tiswadi,626723,Curca,403108
30,Goa,551,North Goa,5611,Tiswadi,645599,Durgavado,403002
30,Goa,551,North Goa,5611,Tiswadi,626714,Ella,403402
30,Goa,551,North Goa,5611,Tiswadi,626721,Gancim,403108
30,Goa,551,North Goa,5611,Tiswadi,626713,Gandaulim,403402
30,Goa,551,North Goa,5611,Tiswadi,626717,Goalim-Moula,403108
30,Goa,551,North Goa,5611,Tiswadi,626734,Goa-Velha,403108
30,Goa,551,North Goa,5611,Tiswadi,626710,Goltim,403403
30,Goa,551,North Goa,5611,Tiswadi,626727,Jua (Ct),403106
30,Goa,551,North Goa,5611,Tiswadi,626711,Malar,403403
30,Goa,551,North Goa,5611,Tiswadi,626720,Mandur,403104
30,Goa,551,North Goa,5611,Tiswadi,626735,Mercurim (Ct),403204
30,Goa,551,North Goa,5611,Tiswadi,626737,Morambi-O-Grande (Merces),403006
30,Goa,551,North Goa,5611,Tiswadi,626739,Morambi-O-Pequeno (Merces),403005
30,Goa,551,North Goa,5611,Tiswadi,626731,Murda (Ct),403005
30,Goa,551,North Goa,5611,Tiswadi,626712,Naroa,403504
30,Goa,551,North Goa,5611,Tiswadi,626709,Navelim,403403
30,Goa,551,North Goa,5611,Tiswadi,626726,Neura-O-Grande,403104
30,Goa,551,North Goa,5611,Tiswadi,626725,Neura-O-Pequeno,403104
30,Goa,551,North Goa,5611,Tiswadi,945834,Panaji,403001
30,Goa,551,North Goa,5611,Tiswadi,626736,Panelim (Og),403006
30,Goa,551,North Goa,5611,Tiswadi,626738,Renovadi (Og),403005
30,Goa,551,North Goa,5611,Tiswadi,626724,Siridao,403108
30,Goa,551,North Goa,5611,Tiswadi,626716,Talaulim,403108
30,Goa,551,North Goa,5611,Tiswadi,645598,Taleigao,403002
30,Goa,552,South Goa,5619,Canacona,627023,Agonda,403702
30,Goa,552,South Goa,5619,Canacona,627029,Angediva,403702
30,Goa,552,South Goa,5619,Canacona,627024,Canacona,403702
30,Goa,552,South Goa,5619,Canacona,924816,Chaudi,403705
30,Goa,552,South Goa,5619,Canacona,627022,Cola,403702
30,Goa,552,South Goa,5619,Canacona,627028,Cotigao,403702
30,Goa,552,South Goa,5619,Canacona,627025,Gaodongrem,403702
30,Goa,552,South Goa,5619,Canacona,627027,Loliem,403728
30,Goa,552,South Goa,5619,Canacona,924820,Nagorcem - Palolem,403702
30,Goa,552,South Goa,5619,Canacona,627026,Poinguinim,403702
30,Goa,552,South Goa,5931,Dharbandora,626973,Aglote,403406
30,Goa,552,South Goa,5931,Dharbandora,626984,Bandoli,403706
30,Goa,552,South Goa,5931,Dharbandora,626982,Camarconda,403706
30,Goa,552,South Goa,5931,Dharbandora,626976,Caranzol,403410
30,Goa,552,South Goa,5931,Dharbandora,626981,Codli,403706
30,Goa,552,South Goa,5931,Dharbandora,626977,Colem,403410
30,Goa,552,South Goa,5931,Dharbandora,626980,Cormonem,403706
30,Goa,552,South Goa,5931,Dharbandora,626971,Darbandora,403406
30,Goa,552,South Goa,5931,Dharbandora,626983,Moissal,403410
30,Goa,552,South Goa,5931,Dharbandora,626975,Molem,403410
30,Goa,552,South Goa,5931,Dharbandora,626970,Piliem,403406
30,Goa,552,South Goa,5931,Dharbandora,626972,Sancordem,403406
30,Goa,552,South Goa,5931,Dharbandora,626979,Sangod,403410
30,Goa,552,South Goa,5931,Dharbandora,626978,Sigao,403410
30,Goa,552,South Goa,5931,Dharbandora,626989,Sonauli,403410
30,Goa,552,South Goa,5931,Dharbandora,626974,Surla,403406
30,Goa,552,South Goa,5615,Mormugao,626884,Arossim,403712
30,Goa,552,South Goa,5615,Mormugao,626883,Cansaulim,403712
30,Goa,552,South Goa,5615,Mormugao,626885,Chicalim (Ct),403711
30,Goa,552,South Goa,5615,Mormugao,626880,Chicolna,403806
30,Goa,552,South Goa,5615,Mormugao,626887,Cortalim (Ct),403710
30,Goa,552,South Goa,5615,Mormugao,626877,Cuelim,403712
30,Goa,552,South Goa,5615,Mormugao,626874,Dabolim,403801
30,Goa,552,South Goa,5615,Mormugao,626879,Issorcim,403712
30,Goa,552,South Goa,5615,Mormugao,945837,Mormugao Port,403803
30,Goa,552,South Goa,5615,Mormugao,626878,Pale,403712
30,Goa,552,South Goa,5615,Mormugao,626876,Quelossim,403710
30,Goa,552,South Goa,5615,Mormugao,945839,Sambhaji,403803
30,Goa,552,South Goa,5615,Mormugao,626886,Sancoale (Ct),403710
30,Goa,552,South Goa,5615,Mormugao,626875,Sao Jacinto Island,403711
30,Goa,552,South Goa,5615,Mormugao,626881,Sao Jorge Island,403803
30,Goa,552,South Goa,5615,Mormugao,945838,Vadem,403803
30,Goa,552,South Goa,5615,Mormugao,626882,Velsao,403712
30,Goa,552,South Goa,5614,Ponda,626847,Adcolna,403107
30,Goa,552,South Goa,5614,Ponda,626869,Bandora (Ct),403401
30,Goa,552,South Goa,5614,Ponda,626859,Betora,403401
30,Goa,552,South Goa,5614,Ponda,626844,Betqui,403107
30,Goa,552,South Goa,5614,Ponda,626848,Boma,403107
30,Goa,552,South Goa,5614,Ponda,626872,Borim (Ct),403401
30,Goa,552,South Goa,5614,Ponda,626853,Candepar,403406
30,Goa,552,South Goa,5614,Ponda,626865,Candola (Ct),403107
30,Goa,552,South Goa,5614,Ponda,626860,Codar,403406
30,Goa,552,South Goa,5614,Ponda,626862,Conxem,403401
30,Goa,552,South Goa,5614,Ponda,626849,Cuncoliem,403404
30,Goa,552,South Goa,5614,Ponda,626855,Cundaim,403115
30,Goa,552,South Goa,5614,Ponda,626870,Curti (Ct),403401
30,Goa,552,South Goa,5614,Ponda,626856,Durbhat,403401
30,Goa,552,South Goa,5614,Ponda,626852,Gangem,403406
30,Goa,552,South Goa,5614,Ponda,626867,Marcaim (Ct),403404
30,Goa,552,South Goa,5614,Ponda,626861,Nirancal,403401
30,Goa,552,South Goa,5614,Ponda,626866,Orgao (Ct),403107
30,Goa,552,South Goa,5614,Ponda,626864,Ponchavadi,403706
30,Goa,552,South Goa,5614,Ponda,945835,Ponda,403401
30,Goa,552,South Goa,5614,Ponda,626868,Priol (Ct),403404
30,Goa,552,South Goa,5614,Ponda,626850,Querim,403401
30,Goa,552,South Goa,5614,Ponda,626871,Queula,403401
30,Goa,552,South Goa,5614,Ponda,626846,Savoi-Verem,403401
30,Goa,552,South Goa,5614,Ponda,626863,Shiroda,403103
30,Goa,552,South Goa,5614,Ponda,626857,Telaulim,403401
30,Goa,552,South Goa,5614,Ponda,626843,Tivrem,403107
30,Goa,552,South Goa,5614,Ponda,626873,Usgao (Ct),403406
30,Goa,552,South Goa,5614,Ponda,626858,Vadi,403401
30,Goa,552,South Goa,5614,Ponda,626851,Vagurbem,403401
30,Goa,552,South Goa,5614,Ponda,626854,Velinga,403404
30,Goa,552,South Goa,5614,Ponda,626845,Volvoi,403107
30,Goa,552,South Goa,5617,Quepem,626948,Adnem,403703
30,Goa,552,South Goa,5617,Quepem,626947,Ambaulim,403705
30,Goa,552,South Goa,5617,Quepem,910339,Amona,403705
30,Goa,552,South Goa,5617,Quepem,626934,Assolda,403714
30,Goa,552,South Goa,5617,Quepem,626939,Avedem,403705
30,Goa,552,South Goa,5617,Quepem,626949,Bali,403703
30,Goa,552,South Goa,5617,Quepem,626961,Barcem,403703
30,Goa,552,South Goa,5617,Quepem,626955,Bendordem,403703
30,Goa,552,South Goa,5617,Quepem,924815,Cacora,403706
30,Goa,552,South Goa,5617,Quepem,626956,Cavorem,403705
30,Goa,552,South Goa,5617,Quepem,626967,Cazur,403705
30,Goa,552,South Goa,5617,Quepem,626940,Chaifi,403705
30,Goa,552,South Goa,5617,Quepem,626958,Cordem,403703
30,Goa,552,South Goa,5617,Quepem,626966,Corla,403705
30,Goa,552,South Goa,5617,Quepem,626938,Cotombi,403714
30,Goa,552,South Goa,5617,Quepem,945840,Curchorem,403705
30,Goa,552,South Goa,5617,Quepem,910340,Cusmane,403705
30,Goa,552,South Goa,5617,Quepem,924817,Deao,403705
30,Goa,552,South Goa,5617,Quepem,626950,Fatorpa,403703
30,Goa,552,South Goa,5617,Quepem,626962,Goculdem,403703
30,Goa,552,South Goa,5617,Quepem,626937,Hodar,403706
30,Goa,552,South Goa,5617,Quepem,626957,Maina,403705
30,Goa,552,South Goa,5617,Quepem,626968,Mangal,403704
30,Goa,552,South Goa,5617,Quepem,626945,Molcopona,403704
30,Goa,552,South Goa,5617,Quepem,626946,Molcornem,403704
30,Goa,552,South Goa,5617,Quepem,626953,Morpirla,403703
30,Goa,552,South Goa,5617,Quepem,626942,Nagvem,403704
30,Goa,552,South Goa,5617,Quepem,626952,Naqueri,403723
30,Goa,552,South Goa,5617,Quepem,626959,Padi,403703
30,Goa,552,South Goa,5617,Quepem,626964,Pirla,403705
30,Goa,552,South Goa,5617,Quepem,626960,Quedem,403705
30,Goa,552,South Goa,5617,Quepem,945841,Quepem,403705
30,Goa,552,South Goa,5617,Quepem,626963,Quisconda,403705
30,Goa,552,South Goa,5617,Quepem,626951,Quitol,403703
30,Goa,552,South Goa,5617,Quepem,626941,Sirvoi,403705
30,Goa,552,South Goa,5617,Quepem,626965,Sulcorna,403705
30,Goa,552,South Goa,5617,Quepem,626954,Tiloi,403704
30,Goa,552,South Goa,5617,Quepem,626944,Undorna,403704
30,Goa,552,South Goa,5617,Quepem,626969,Xeldem (Ct),403705
30,Goa,552,South Goa,5617,Quepem,626936,Xelvona,403706
30,Goa,552,South Goa,5617,Quepem,626935,Xic-Xelvona,403706
30,Goa,552,South Goa,5617,Quepem,626943,Zanodem,403703
30,Goa,552,South Goa,5616,Salcete,626906,Adsulim,403716
30,Goa,552,South Goa,5616,Salcete,626922,Ambelim,403723
30,Goa,552,South Goa,5616,Salcete,626929,Aquem-Baixo,403601
30,Goa,552,South Goa,5616,Salcete,626919,Assolna,403701
30,Goa,552,South Goa,5616,Salcete,626931,Benaulim (Ct),403716
30,Goa,552,South Goa,5616,Salcete,626895,Betalbatim,403713
30,Goa,552,South Goa,5616,Salcete,626891,Calata,403713
30,Goa,552,South Goa,5616,Salcete,626890,Camurlim,403718
30,Goa,552,South Goa,5616,Salcete,626904,Cana,403716
30,Goa,552,South Goa,5616,Salcete,626917,Carmona,403717
30,Goa,552,South Goa,5616,Salcete,626920,Cavelossim,403731
30,Goa,552,South Goa,5616,Salcete,626910,Cavorim,403714
30,Goa,552,South Goa,5616,Salcete,626911,Chandor,403714
30,Goa,552,South Goa,5616,Salcete,626933,Chinchinim (Ct),403715
30,Goa,552,South Goa,5616,Salcete,626897,Colva,403708
30,Goa,552,South Goa,5616,Salcete,926704,Cuncolim,403703
30,Goa,552,South Goa,5616,Salcete,626926,Curtorim (Ct),403709
30,Goa,552,South Goa,5616,Salcete,626928,Davorlim (Ct),403707
30,Goa,552,South Goa,5616,Salcete,626918,Deussua,403715
30,Goa,552,South Goa,5616,Salcete,626909,Dicarpale,403707
30,Goa,552,South Goa,5616,Salcete,626908,Dramapur,403725
30,Goa,552,South Goa,5616,Salcete,626900,Duncolim,403708
30,Goa,552,South Goa,5616,Salcete,626896,Gaundaulim,403708
30,Goa,552,South Goa,5616,Salcete,626894,Gonsua,403713
30,Goa,552,South Goa,5616,Salcete,626903,Guirdolim,403714
30,Goa,552,South Goa,5616,Salcete,626889,Loutulim,403718
30,Goa,552,South Goa,5616,Salcete,626902,Macasana,403709
30,Goa,552,South Goa,5616,Salcete,626892,Majorda,403713
30,Goa,552,South Goa,5616,Salcete,945836,Margao,403601
30,Goa,552,South Goa,5616,Salcete,626913,Mulem,403705
30,Goa,552,South Goa,5616,Salcete,626888,Nagoa,403722
30,Goa,552,South Goa,5616,Salcete,626930,Navelim (Ct),403707
30,Goa,552,South Goa,5616,Salcete,626924,Nuvem (Ct),403713
30,Goa,552,South Goa,5616,Salcete,626916,Orlim,403724
30,Goa,552,South Goa,5616,Salcete,626912,Paroda,403705
30,Goa,552,South Goa,5616,Salcete,626901,Rachol,403719
30,Goa,552,South Goa,5616,Salcete,626925,Raia (Ct),403720
30,Goa,552,South Goa,5616,Salcete,626927,Sao Jose De Areal (Ct),403709
30,Goa,552,South Goa,5616,Salcete,626914,Sarzora,403715
30,Goa,552,South Goa,5616,Salcete,626899,Seraulim,403708
30,Goa,552,South Goa,5616,Salcete,626905,Sernabatim,403708
30,Goa,552,South Goa,5616,Salcete,626915,Sirlim,403725
30,Goa,552,South Goa,5616,Salcete,626907,Talaulim,403707
30,Goa,552,South Goa,5616,Salcete,924823,Talvorda,403703
30,Goa,552,South Goa,5616,Salcete,626893,Utorda,403713
30,Goa,552,South Goa,5616,Salcete,626898,Vanelim,403708
30,Goa,552,South Goa,5616,Salcete,626932,Varca (Ct),403721
30,Goa,552,South Goa,5616,Salcete,924824,Varoda,403703
30,Goa,552,South Goa,5616,Salcete,626921,Velim,403723
30,Goa,552,South Goa,5616,Salcete,626923,Verna (Ct),403722
30,Goa,552,South Goa,5618,Sanguem,626986,Antoriem,403704
30,Goa,552,South Goa,5618,Sanguem,627006,Bati,403704
30,Goa,552,South Goa,5618,Sanguem,626990,Boma,403704
30,Goa,552,South Goa,5618,Sanguem,626988,Calem,403704
30,Goa,552,South Goa,5618,Sanguem,627013,Colomb,403705
30,Goa,552,South Goa,5618,Sanguem,626998,Comproi,403706
30,Goa,552,South Goa,5618,Sanguem,626997,Coranginim,403704
30,Goa,552,South Goa,5618,Sanguem,626996,Costi,403704
30,Goa,552,South Goa,5618,Sanguem,627000,Cotarli,403704
30,Goa,552,South Goa,5618,Sanguem,627007,Cumbari,403704
30,Goa,552,South Goa,5618,Sanguem,627012,Curdem,403704
30,Goa,552,South Goa,5618,Sanguem,627009,Dongor,403704
30,Goa,552,South Goa,5618,Sanguem,626992,Dongurli,403704
30,Goa,552,South Goa,5618,Sanguem,626995,Dudal,403704
30,Goa,552,South Goa,5618,Sanguem,627015,Kurpem,403704
30,Goa,552,South Goa,5618,Sanguem,626994,Maulinguem,403704
30,Goa,552,South Goa,5618,Sanguem,626999,Muguli,403704
30,Goa,552,South Goa,5618,Sanguem,627010,Naiquinim,403704
30,Goa,552,South Goa,5618,Sanguem,627018,Neturlim,403704
30,Goa,552,South Goa,5618,Sanguem,627019,Nundem,403704
30,Goa,552,South Goa,5618,Sanguem,626991,Odxel,403704
30,Goa,552,South Goa,5618,Sanguem,626993,Patiem,403704
30,Goa,552,South Goa,5618,Sanguem,627011,Porteem,403704
30,Goa,552,South Goa,5618,Sanguem,627005,Potrem,403704
30,Goa,552,South Goa,5618,Sanguem,627014,Rivona,403705
30,Goa,552,South Goa,5618,Sanguem,626985,Rumbrem,403704
30,Goa,552,South Goa,5618,Sanguem,627002,Salauli,403704
30,Goa,552,South Goa,5618,Sanguem,945842,Sanguem,403704
30,Goa,552,South Goa,5618,Sanguem,626987,Santona,403706
30,Goa,552,South Goa,5618,Sanguem,627021,Sanvordem (Ct),403706
30,Goa,552,South Goa,5618,Sanguem,627017,Sigonem,403410
30,Goa,552,South Goa,5618,Sanguem,627004,Todou,403704
30,Goa,552,South Goa,5618,Sanguem,627003,Uguem,403704
30,Goa,552,South Goa,5618,Sanguem,627020,Verlem,403704
30,Goa,552,South Goa,5618,Sanguem,627016,Vichundrem,403704
30,Goa,552,South Goa,5618,Sanguem,627008,Viliena,403704
30,Goa,552,South Goa,5618,Sanguem,627001,Xelpem,403704
