S.No.,Parliament Constituency code,Parliament Constituency ECI Code,Parliament Constituency Name,Assembly Constituency Code,Assembly Constituency ECI Code,Assembly Constituency Name,District Code,District Name,SubDistrict Code,SubDistrict Name,Ward Code,Ward Name,Urban Localbody Code,Urban Localbody Name,Localbody Type,State Code
1,480,1,North Goa,3678,3,Bicholim,551,North Goa,,,68191,Bicholim (M Cl) - Ward No.6,252075,Bicholim,Municipality,30
2,480,1,North Goa,3678,3,Bicholim,551,North Goa,5612,Bicholim,74919,Bicholim (M Cl) - Ward No.8,252075,Bicholim,Municipality,30
3,480,1,North Goa,3678,3,Bicholim,551,North Goa,5612,Bicholim,1307281,Bicholim (M Ci) - Ward No. 11,252075,Bicholim,Municipality,30
4,480,1,North Goa,3678,3,Bicholim,551,North Goa,,,74918,Bicholim (M Cl) - Ward No.7,252075,Bicholim,Municipality,30
5,480,1,North Goa,3678,3,Bicholim,551,North Goa,5612,Bicholim,68189,Bicholim (M Cl) - Ward No.4,252075,Bicholim,Municipality,30
6,480,1,North Goa,3678,3,Bicholim,551,North Goa,5612,Bicholim,3055173,Bicholim (M CI) - Ward No 13,252075,Bicholim,Municipality,30
7,480,1,North Goa,3678,3,Bicholim,551,North Goa,,,74919,Bicholim (M Cl) - Ward No.8,252075,Bicholim,Municipality,30
8,480,1,North Goa,3678,3,Bicholim,551,North Goa,5612,Bicholim,68190,Bicholim (M Cl) - Ward No.5,252075,Bicholim,Municipality,30
9,480,1,North Goa,3678,3,Bicholim,551,North Goa,5612,Bicholim,68186,Bicholim (M Cl) - Ward No.1,252075,Bicholim,Municipality,30
10,480,1,North Goa,3678,3,Bicholim,551,North Goa,,,68188,Bicholim (M Cl) - Ward No.3,252075,Bicholim,Municipality,30
11,480,1,North Goa,3678,3,Bicholim,551,North Goa,,,68186,Bicholim (M Cl) - Ward No.1,252075,Bicholim,Municipality,30
12,480,1,North Goa,3678,3,Bicholim,551,North Goa,5612,Bicholim,68191,Bicholim (M Cl) - Ward No.6,252075,Bicholim,Municipality,30
13,480,1,North Goa,3678,3,Bicholim,551,North Goa,,,1307281,Bicholim (M Ci) - Ward No. 11,252075,Bicholim,Municipality,30
14,480,1,North Goa,3678,3,Bicholim,551,North Goa,5612,Bicholim,68187,Bicholim (M Cl) - Ward No.2,252075,Bicholim,Municipality,30
15,480,1,North Goa,3678,3,Bicholim,551,North Goa,5612,Bicholim,74920,Bicholim (M Cl) - Ward No.9,252075,Bicholim,Municipality,30
16,480,1,North Goa,3678,3,Bicholim,551,North Goa,,,74921,Bicholim (M Cl) - Ward No.10,252075,Bicholim,Municipality,30
17,480,1,North Goa,3678,3,Bicholim,551,North Goa,5612,Bicholim,3055174,Bicholim (M CI) - Ward No 14,252075,Bicholim,Municipality,30
18,480,1,North Goa,3678,3,Bicholim,551,North Goa,,,3055174,Bicholim (M CI) - Ward No 14,252075,Bicholim,Municipality,30
19,480,1,North Goa,3678,3,Bicholim,551,North Goa,,,3055173,Bicholim (M CI) - Ward No 13,252075,Bicholim,Municipality,30
20,480,1,North Goa,3678,3,Bicholim,551,North Goa,,,1307282,Bicholim (M Ci) - Ward No. 12,252075,Bicholim,Municipality,30
21,480,1,North Goa,3678,3,Bicholim,551,North Goa,5612,Bicholim,74921,Bicholim (M Cl) - Ward No.10,252075,Bicholim,Municipality,30
22,480,1,North Goa,3678,3,Bicholim,551,North Goa,5612,Bicholim,68188,Bicholim (M Cl) - Ward No.3,252075,Bicholim,Municipality,30
23,480,1,North Goa,3678,3,Bicholim,551,North Goa,5612,Bicholim,1307282,Bicholim (M Ci) - Ward No. 12,252075,Bicholim,Municipality,30
24,480,1,North Goa,3678,3,Bicholim,551,North Goa,,,68189,Bicholim (M Cl) - Ward No.4,252075,Bicholim,Municipality,30
25,480,1,North Goa,3678,3,Bicholim,551,North Goa,5612,Bicholim,74918,Bicholim (M Cl) - Ward No.7,252075,Bicholim,Municipality,30
26,480,1,North Goa,3678,3,Bicholim,551,North Goa,,,68187,Bicholim (M Cl) - Ward No.2,252075,Bicholim,Municipality,30
27,480,1,North Goa,3678,3,Bicholim,551,North Goa,,,74920,Bicholim (M Cl) - Ward No.9,252075,Bicholim,Municipality,30
28,480,1,North Goa,3678,3,Bicholim,551,North Goa,,,68190,Bicholim (M Cl) - Ward No.5,252075,Bicholim,Municipality,30
29,480,1,North Goa,3683,5,Mapusa,551,North Goa,,,1437,Mapusa (M Cl) - Ward No.2,252061,Mapusa,Municipality,30
30,480,1,North Goa,3683,5,Mapusa,551,North Goa,,,1472,Mapusa (M Cl) - Ward No.7,252061,Mapusa,Municipality,30
31,480,1,North Goa,3683,5,Mapusa,551,North Goa,,,1307292,Mapusa (M Ci) - Ward No. 19,252061,Mapusa,Municipality,30
32,480,1,North Goa,3683,5,Mapusa,551,North Goa,5610,Bardez,1475,Mapusa (M Cl) - Ward No.10,252061,Mapusa,Municipality,30
33,480,1,North Goa,3683,5,Mapusa,551,North Goa,5610,Bardez,1307288,Mapusa (M Ci) - Ward No. 15,252061,Mapusa,Municipality,30
34,480,1,North Goa,3683,5,Mapusa,551,North Goa,5610,Bardez,1472,Mapusa (M Cl) - Ward No.7,252061,Mapusa,Municipality,30
35,480,1,North Goa,3683,5,Mapusa,551,North Goa,5610,Bardez,1436,Mapusa (M Cl) - Ward No.1,252061,Mapusa,Municipality,30
36,480,1,North Goa,3683,5,Mapusa,551,North Goa,5610,Bardez,1307290,Mapusa (M Ci) - Ward No. 17,252061,Mapusa,Municipality,30
37,480,1,North Goa,3683,5,Mapusa,551,North Goa,,,1307291,Mapusa (M Ci) - Ward No. 18,252061,Mapusa,Municipality,30
38,480,1,North Goa,3683,5,Mapusa,551,North Goa,5610,Bardez,1473,Mapusa (M Cl) - Ward No.8,252061,Mapusa,Municipality,30
39,480,1,North Goa,3683,5,Mapusa,551,North Goa,5610,Bardez,1470,Mapusa (M Cl) - Ward No.5,252061,Mapusa,Municipality,30
40,480,1,North Goa,3683,5,Mapusa,551,North Goa,,,1474,Mapusa (M Cl) - Ward No.9,252061,Mapusa,Municipality,30
41,480,1,North Goa,3683,5,Mapusa,551,North Goa,,,1478,Mapusa (M Cl) - Ward No.13,252061,Mapusa,Municipality,30
42,480,1,North Goa,3683,5,Mapusa,551,North Goa,,,1307289,Mapusa (M Ci) - Wara No. 16,252061,Mapusa,Municipality,30
43,480,1,North Goa,3683,5,Mapusa,551,North Goa,,,1436,Mapusa (M Cl) - Ward No.1,252061,Mapusa,Municipality,30
44,480,1,North Goa,3683,5,Mapusa,551,North Goa,,,1307293,Mapusa (M Ci) - Ward No. 20,252061,Mapusa,Municipality,30
45,480,1,North Goa,3683,5,Mapusa,551,North Goa,,,1476,Mapusa (M Cl) - Ward No.11,252061,Mapusa,Municipality,30
46,480,1,North Goa,3683,5,Mapusa,551,North Goa,,,1307287,Mapusa (M Ci) - Ward No. 14,252061,Mapusa,Municipality,30
47,480,1,North Goa,3683,5,Mapusa,551,North Goa,5610,Bardez,1307289,Mapusa (M Ci) - Wara No. 16,252061,Mapusa,Municipality,30
48,480,1,North Goa,3683,5,Mapusa,551,North Goa,5610,Bardez,1471,Mapusa (M Cl) - Ward No.6,252061,Mapusa,Municipality,30
49,480,1,North Goa,3683,5,Mapusa,551,North Goa,,,1307290,Mapusa (M Ci) - Ward No. 17,252061,Mapusa,Municipality,30
50,480,1,North Goa,3683,5,Mapusa,551,North Goa,5610,Bardez,1307292,Mapusa (M Ci) - Ward No. 19,252061,Mapusa,Municipality,30
51,480,1,North Goa,3683,5,Mapusa,551,North Goa,,,1477,Mapusa (M Cl) - Ward No.12,252061,Mapusa,Municipality,30
52,480,1,North Goa,3683,5,Mapusa,551,North Goa,5610,Bardez,1307287,Mapusa (M Ci) - Ward No. 14,252061,Mapusa,Municipality,30
53,480,1,North Goa,3683,5,Mapusa,551,North Goa,5610,Bardez,1478,Mapusa (M Cl) - Ward No.13,252061,Mapusa,Municipality,30
54,480,1,North Goa,3683,5,Mapusa,551,North Goa,5610,Bardez,1468,Mapusa (M Cl) - Ward No.3,252061,Mapusa,Municipality,30
55,480,1,North Goa,3683,5,Mapusa,551,North Goa,5610,Bardez,1307293,Mapusa (M Ci) - Ward No. 20,252061,Mapusa,Municipality,30
56,480,1,North Goa,3683,5,Mapusa,551,North Goa,,,1469,Mapusa (M Cl) - Ward No.4,252061,Mapusa,Municipality,30
57,480,1,North Goa,3683,5,Mapusa,551,North Goa,5610,Bardez,1474,Mapusa (M Cl) - Ward No.9,252061,Mapusa,Municipality,30
58,480,1,North Goa,3683,5,Mapusa,551,North Goa,5610,Bardez,1476,Mapusa (M Cl) - Ward No.11,252061,Mapusa,Municipality,30
59,480,1,North Goa,3683,5,Mapusa,551,North Goa,,,1468,Mapusa (M Cl) - Ward No.3,252061,Mapusa,Municipality,30
60,480,1,North Goa,3683,5,Mapusa,551,North Goa,5610,Bardez,1437,Mapusa (M Cl) - Ward No.2,252061,Mapusa,Municipality,30
61,480,1,North Goa,3683,5,Mapusa,551,North Goa,5610,Bardez,1477,Mapusa (M Cl) - Ward No.12,252061,Mapusa,Municipality,30
62,480,1,North Goa,3683,5,Mapusa,551,North Goa,,,1307288,Mapusa (M Ci) - Ward No. 15,252061,Mapusa,Municipality,30
63,480,1,North Goa,3683,5,Mapusa,551,North Goa,5610,Bardez,1307291,Mapusa (M Ci) - Ward No. 18,252061,Mapusa,Municipality,30
64,480,1,North Goa,3683,5,Mapusa,551,North Goa,,,1475,Mapusa (M Cl) - Ward No.10,252061,Mapusa,Municipality,30
65,480,1,North Goa,3683,5,Mapusa,551,North Goa,5610,Bardez,1469,Mapusa (M Cl) - Ward No.4,252061,Mapusa,Municipality,30
66,480,1,North Goa,3683,5,Mapusa,551,North Goa,,,1470,Mapusa (M Cl) - Ward No.5,252061,Mapusa,Municipality,30
67,480,1,North Goa,3683,5,Mapusa,551,North Goa,,,1473,Mapusa (M Cl) - Ward No.8,252061,Mapusa,Municipality,30
68,480,1,North Goa,3683,5,Mapusa,551,North Goa,,,1471,Mapusa (M Cl) - Ward No.6,252061,Mapusa,Municipality,30
69,480,1,North Goa,3684,11,Panaji,551,North Goa,,,1438,Panaji (M Cl) - Ward No.5,252071,City Corporation Panaji,Municipal Corporation,30
70,480,1,North Goa,3684,11,Panaji,551,North Goa,,,1485,Panaji (M Cl) - Ward No.1,252071,City Corporation Panaji,Municipal Corporation,30
71,480,1,North Goa,3684,11,Panaji,551,North Goa,,,932802,Panaji (Mci) - Ward No.28,252071,City Corporation Panaji,Municipal Corporation,30
72,480,1,North Goa,3684,11,Panaji,551,North Goa,5611,Tiswadi,1452,Panaji (M Ci) - Ward No.19,252071,City Corporation Panaji,Municipal Corporation,30
73,480,1,North Goa,3684,11,Panaji,551,North Goa,,,932798,Panaji (Mci) - Ward No.24,252071,City Corporation Panaji,Municipal Corporation,30
74,480,1,North Goa,3684,11,Panaji,551,North Goa,5611,Tiswadi,1449,Panaji (M Cl) - Ward No.16,252071,City Corporation Panaji,Municipal Corporation,30
75,480,1,North Goa,3684,11,Panaji,551,North Goa,5611,Tiswadi,1454,Panaji (M Ci) - Ward No.21,252071,City Corporation Panaji,Municipal Corporation,30
76,480,1,North Goa,3684,11,Panaji,551,North Goa,5610,Bardez,932780,Panaji (Mci) - Ward No.23,252071,City Corporation Panaji,Municipal Corporation,30
77,480,1,North Goa,3684,11,Panaji,551,North Goa,,,1445,Panaji (M Cl) - Ward No.12,252071,City Corporation Panaji,Municipal Corporation,30
78,480,1,North Goa,3684,11,Panaji,551,North Goa,5611,Tiswadi,932808,Panaji (Mci) - Ward No.29,252071,City Corporation Panaji,Municipal Corporation,30
79,480,1,North Goa,3684,11,Panaji,551,North Goa,5611,Tiswadi,932780,Panaji (Mci) - Ward No.23,252071,City Corporation Panaji,Municipal Corporation,30
80,480,1,North Goa,3684,11,Panaji,551,North Goa,,,1455,Panaji (M Ci) - Ward No.22,252071,City Corporation Panaji,Municipal Corporation,30
81,480,1,North Goa,3684,11,Panaji,551,North Goa,,,1451,Panaji (M Ci) - Ward No.18,252071,City Corporation Panaji,Municipal Corporation,30
82,480,1,North Goa,3684,11,Panaji,551,North Goa,5611,Tiswadi,932809,Panaji (Mci) - Ward No.30,252071,City Corporation Panaji,Municipal Corporation,30
83,480,1,North Goa,3684,11,Panaji,551,North Goa,5610,Bardez,1451,Panaji (M Ci) - Ward No.18,252071,City Corporation Panaji,Municipal Corporation,30
84,480,1,North Goa,3684,11,Panaji,551,North Goa,,,1449,Panaji (M Cl) - Ward No.16,252071,City Corporation Panaji,Municipal Corporation,30
85,480,1,North Goa,3684,11,Panaji,551,North Goa,5611,Tiswadi,1438,Panaji (M Cl) - Ward No.5,252071,City Corporation Panaji,Municipal Corporation,30
86,480,1,North Goa,3684,11,Panaji,551,North Goa,5610,Bardez,1487,Panaji (M Cl) - Ward No.3,252071,City Corporation Panaji,Municipal Corporation,30
87,480,1,North Goa,3684,11,Panaji,551,North Goa,5610,Bardez,1488,Panaji (M Cl) - Ward No.4,252071,City Corporation Panaji,Municipal Corporation,30
88,480,1,North Goa,3684,11,Panaji,551,North Goa,,,1447,Panaji (M Cl) - Ward No.14,252071,City Corporation Panaji,Municipal Corporation,30
89,480,1,North Goa,3684,11,Panaji,551,North Goa,5611,Tiswadi,1486,Panaji (M Cl) - Ward No.2,252071,City Corporation Panaji,Municipal Corporation,30
90,480,1,North Goa,3684,11,Panaji,551,North Goa,5610,Bardez,932799,Panaji (Mci) - Ward No.25,252071,City Corporation Panaji,Municipal Corporation,30
91,480,1,North Goa,3684,11,Panaji,551,North Goa,5610,Bardez,932808,Panaji (Mci) - Ward No.29,252071,City Corporation Panaji,Municipal Corporation,30
92,480,1,North Goa,3684,11,Panaji,551,North Goa,5610,Bardez,932809,Panaji (Mci) - Ward No.30,252071,City Corporation Panaji,Municipal Corporation,30
93,480,1,North Goa,3684,11,Panaji,551,North Goa,,,932808,Panaji (Mci) - Ward No.29,252071,City Corporation Panaji,Municipal Corporation,30
94,480,1,North Goa,3684,11,Panaji,551,North Goa,5610,Bardez,1448,Panaji (M Cl) - Ward No.15,252071,City Corporation Panaji,Municipal Corporation,30
95,480,1,North Goa,3684,11,Panaji,551,North Goa,5611,Tiswadi,932800,Panaji (Mci) - Ward No.26,252071,City Corporation Panaji,Municipal Corporation,30
96,480,1,North Goa,3684,11,Panaji,551,North Goa,,,932801,Panaji (Mci) - Ward No.27,252071,City Corporation Panaji,Municipal Corporation,30
97,480,1,North Goa,3684,11,Panaji,551,North Goa,5611,Tiswadi,1455,Panaji (M Ci) - Ward No.22,252071,City Corporation Panaji,Municipal Corporation,30
98,480,1,North Goa,3684,11,Panaji,551,North Goa,5611,Tiswadi,1446,Panaji (M Cl) - Ward No.13,252071,City Corporation Panaji,Municipal Corporation,30
99,480,1,North Goa,3684,11,Panaji,551,North Goa,,,1439,Panaji (M Cl) - Ward No.6,252071,City Corporation Panaji,Municipal Corporation,30
100,480,1,North Goa,3684,11,Panaji,551,North Goa,5610,Bardez,1449,Panaji (M Cl) - Ward No.16,252071,City Corporation Panaji,Municipal Corporation,30
101,480,1,North Goa,3684,11,Panaji,551,North Goa,,,1453,Panaji (M Ci) - Ward No.20,252071,City Corporation Panaji,Municipal Corporation,30
102,480,1,North Goa,3684,11,Panaji,551,North Goa,5611,Tiswadi,1488,Panaji (M Cl) - Ward No.4,252071,City Corporation Panaji,Municipal Corporation,30
103,480,1,North Goa,3684,11,Panaji,551,North Goa,5610,Bardez,932800,Panaji (Mci) - Ward No.26,252071,City Corporation Panaji,Municipal Corporation,30
104,480,1,North Goa,3684,11,Panaji,551,North Goa,,,1441,Panaji (M Cl) - Ward No.8,252071,City Corporation Panaji,Municipal Corporation,30
105,480,1,North Goa,3684,11,Panaji,551,North Goa,5610,Bardez,1442,Panaji (M Cl) - Ward No.9,252071,City Corporation Panaji,Municipal Corporation,30
106,480,1,North Goa,3684,11,Panaji,551,North Goa,5610,Bardez,932801,Panaji (Mci) - Ward No.27,252071,City Corporation Panaji,Municipal Corporation,30
107,480,1,North Goa,3684,11,Panaji,551,North Goa,5610,Bardez,1441,Panaji (M Cl) - Ward No.8,252071,City Corporation Panaji,Municipal Corporation,30
108,480,1,North Goa,3684,11,Panaji,551,North Goa,,,1443,Panaji (M Cl) - Ward No.10,252071,City Corporation Panaji,Municipal Corporation,30
109,480,1,North Goa,3684,11,Panaji,551,North Goa,,,932809,Panaji (Mci) - Ward No.30,252071,City Corporation Panaji,Municipal Corporation,30
110,480,1,North Goa,3684,11,Panaji,551,North Goa,,,932780,Panaji (Mci) - Ward No.23,252071,City Corporation Panaji,Municipal Corporation,30
111,480,1,North Goa,3684,11,Panaji,551,North Goa,5610,Bardez,1443,Panaji (M Cl) - Ward No.10,252071,City Corporation Panaji,Municipal Corporation,30
112,480,1,North Goa,3684,11,Panaji,551,North Goa,5611,Tiswadi,1441,Panaji (M Cl) - Ward No.8,252071,City Corporation Panaji,Municipal Corporation,30
113,480,1,North Goa,3684,11,Panaji,551,North Goa,5610,Bardez,932798,Panaji (Mci) - Ward No.24,252071,City Corporation Panaji,Municipal Corporation,30
114,480,1,North Goa,3684,11,Panaji,551,North Goa,5610,Bardez,1440,Panaji (M Cl) - Ward No.7,252071,City Corporation Panaji,Municipal Corporation,30
115,480,1,North Goa,3684,11,Panaji,551,North Goa,5610,Bardez,1486,Panaji (M Cl) - Ward No.2,252071,City Corporation Panaji,Municipal Corporation,30
116,480,1,North Goa,3684,11,Panaji,551,North Goa,,,1450,Panaji (M Ci) - Ward No.17,252071,City Corporation Panaji,Municipal Corporation,30
117,480,1,North Goa,3684,11,Panaji,551,North Goa,,,1452,Panaji (M Ci) - Ward No.19,252071,City Corporation Panaji,Municipal Corporation,30
118,480,1,North Goa,3684,11,Panaji,551,North Goa,5610,Bardez,1447,Panaji (M Cl) - Ward No.14,252071,City Corporation Panaji,Municipal Corporation,30
119,480,1,North Goa,3684,11,Panaji,551,North Goa,5611,Tiswadi,1487,Panaji (M Cl) - Ward No.3,252071,City Corporation Panaji,Municipal Corporation,30
120,480,1,North Goa,3684,11,Panaji,551,North Goa,5610,Bardez,1446,Panaji (M Cl) - Ward No.13,252071,City Corporation Panaji,Municipal Corporation,30
121,480,1,North Goa,3684,11,Panaji,551,North Goa,5611,Tiswadi,1444,Panaji (M Cl) - Ward No.11,252071,City Corporation Panaji,Municipal Corporation,30
122,480,1,North Goa,3684,11,Panaji,551,North Goa,5610,Bardez,1438,Panaji (M Cl) - Ward No.5,252071,City Corporation Panaji,Municipal Corporation,30
123,480,1,North Goa,3684,11,Panaji,551,North Goa,5610,Bardez,1444,Panaji (M Cl) - Ward No.11,252071,City Corporation Panaji,Municipal Corporation,30
124,480,1,North Goa,3684,11,Panaji,551,North Goa,5611,Tiswadi,1442,Panaji (M Cl) - Ward No.9,252071,City Corporation Panaji,Municipal Corporation,30
125,480,1,North Goa,3684,11,Panaji,551,North Goa,5611,Tiswadi,1443,Panaji (M Cl) - Ward No.10,252071,City Corporation Panaji,Municipal Corporation,30
126,480,1,North Goa,3684,11,Panaji,551,North Goa,5611,Tiswadi,1485,Panaji (M Cl) - Ward No.1,252071,City Corporation Panaji,Municipal Corporation,30
127,480,1,North Goa,3684,11,Panaji,551,North Goa,5611,Tiswadi,1453,Panaji (M Ci) - Ward No.20,252071,City Corporation Panaji,Municipal Corporation,30
128,480,1,North Goa,3684,11,Panaji,551,North Goa,5610,Bardez,1455,Panaji (M Ci) - Ward No.22,252071,City Corporation Panaji,Municipal Corporation,30
129,480,1,North Goa,3684,11,Panaji,551,North Goa,5610,Bardez,1454,Panaji (M Ci) - Ward No.21,252071,City Corporation Panaji,Municipal Corporation,30
130,480,1,North Goa,3684,11,Panaji,551,North Goa,5611,Tiswadi,1445,Panaji (M Cl) - Ward No.12,252071,City Corporation Panaji,Municipal Corporation,30
131,480,1,North Goa,3684,11,Panaji,551,North Goa,5610,Bardez,1445,Panaji (M Cl) - Ward No.12,252071,City Corporation Panaji,Municipal Corporation,30
132,480,1,North Goa,3684,11,Panaji,551,North Goa,5611,Tiswadi,1439,Panaji (M Cl) - Ward No.6,252071,City Corporation Panaji,Municipal Corporation,30
133,480,1,North Goa,3684,11,Panaji,551,North Goa,5610,Bardez,1485,Panaji (M Cl) - Ward No.1,252071,City Corporation Panaji,Municipal Corporation,30
134,480,1,North Goa,3684,11,Panaji,551,North Goa,,,1444,Panaji (M Cl) - Ward No.11,252071,City Corporation Panaji,Municipal Corporation,30
135,480,1,North Goa,3684,11,Panaji,551,North Goa,,,1446,Panaji (M Cl) - Ward No.13,252071,City Corporation Panaji,Municipal Corporation,30
136,480,1,North Goa,3684,11,Panaji,551,North Goa,5610,Bardez,1450,Panaji (M Ci) - Ward No.17,252071,City Corporation Panaji,Municipal Corporation,30
137,480,1,North Goa,3684,11,Panaji,551,North Goa,,,1487,Panaji (M Cl) - Ward No.3,252071,City Corporation Panaji,Municipal Corporation,30
138,480,1,North Goa,3684,11,Panaji,551,North Goa,,,1448,Panaji (M Cl) - Ward No.15,252071,City Corporation Panaji,Municipal Corporation,30
139,480,1,North Goa,3684,11,Panaji,551,North Goa,5611,Tiswadi,1450,Panaji (M Ci) - Ward No.17,252071,City Corporation Panaji,Municipal Corporation,30
140,480,1,North Goa,3684,11,Panaji,551,North Goa,,,1488,Panaji (M Cl) - Ward No.4,252071,City Corporation Panaji,Municipal Corporation,30
141,480,1,North Goa,3684,11,Panaji,551,North Goa,,,1440,Panaji (M Cl) - Ward No.7,252071,City Corporation Panaji,Municipal Corporation,30
142,480,1,North Goa,3684,11,Panaji,551,North Goa,,,932799,Panaji (Mci) - Ward No.25,252071,City Corporation Panaji,Municipal Corporation,30
143,480,1,North Goa,3684,11,Panaji,551,North Goa,,,1454,Panaji (M Ci) - Ward No.21,252071,City Corporation Panaji,Municipal Corporation,30
144,480,1,North Goa,3684,11,Panaji,551,North Goa,5611,Tiswadi,1451,Panaji (M Ci) - Ward No.18,252071,City Corporation Panaji,Municipal Corporation,30
145,480,1,North Goa,3684,11,Panaji,551,North Goa,5611,Tiswadi,932801,Panaji (Mci) - Ward No.27,252071,City Corporation Panaji,Municipal Corporation,30
146,480,1,North Goa,3684,11,Panaji,551,North Goa,5611,Tiswadi,932799,Panaji (Mci) - Ward No.25,252071,City Corporation Panaji,Municipal Corporation,30
147,480,1,North Goa,3684,11,Panaji,551,North Goa,5611,Tiswadi,932798,Panaji (Mci) - Ward No.24,252071,City Corporation Panaji,Municipal Corporation,30
148,480,1,North Goa,3684,11,Panaji,551,North Goa,5610,Bardez,1452,Panaji (M Ci) - Ward No.19,252071,City Corporation Panaji,Municipal Corporation,30
149,480,1,North Goa,3684,11,Panaji,551,North Goa,5610,Bardez,1453,Panaji (M Ci) - Ward No.20,252071,City Corporation Panaji,Municipal Corporation,30
150,480,1,North Goa,3684,11,Panaji,551,North Goa,5611,Tiswadi,1447,Panaji (M Cl) - Ward No.14,252071,City Corporation Panaji,Municipal Corporation,30
151,480,1,North Goa,3684,11,Panaji,551,North Goa,5610,Bardez,1439,Panaji (M Cl) - Ward No.6,252071,City Corporation Panaji,Municipal Corporation,30
152,480,1,North Goa,3684,11,Panaji,551,North Goa,5610,Bardez,932802,Panaji (Mci) - Ward No.28,252071,City Corporation Panaji,Municipal Corporation,30
153,480,1,North Goa,3684,11,Panaji,551,North Goa,5611,Tiswadi,1448,Panaji (M Cl) - Ward No.15,252071,City Corporation Panaji,Municipal Corporation,30
154,480,1,North Goa,3684,11,Panaji,551,North Goa,,,932800,Panaji (Mci) - Ward No.26,252071,City Corporation Panaji,Municipal Corporation,30
155,480,1,North Goa,3684,11,Panaji,551,North Goa,5611,Tiswadi,1440,Panaji (M Cl) - Ward No.7,252071,City Corporation Panaji,Municipal Corporation,30
156,480,1,North Goa,3684,11,Panaji,551,North Goa,,,1486,Panaji (M Cl) - Ward No.2,252071,City Corporation Panaji,Municipal Corporation,30
157,480,1,North Goa,3684,11,Panaji,551,North Goa,,,1442,Panaji (M Cl) - Ward No.9,252071,City Corporation Panaji,Municipal Corporation,30
158,480,1,North Goa,3684,11,Panaji,551,North Goa,5611,Tiswadi,932802,Panaji (Mci) - Ward No.28,252071,City Corporation Panaji,Municipal Corporation,30
159,480,1,North Goa,3685,2,Pernem,551,North Goa,,,37757,Pernem (M Cl) - Ward No.8,252057,Pernem,Municipality,30
160,480,1,North Goa,3685,2,Pernem,551,North Goa,5609,Pernem,37759,Pernem (M Cl) - Ward No.10,252057,Pernem,Municipality,30
161,480,1,North Goa,3685,2,Pernem,551,North Goa,5609,Pernem,37753,Pernem (M Cl) - Ward No.4,252057,Pernem,Municipality,30
162,480,1,North Goa,3685,2,Pernem,551,North Goa,5609,Pernem,37758,Pernem (M Cl) - Ward No.9,252057,Pernem,Municipality,30
163,480,1,North Goa,3685,2,Pernem,551,North Goa,5609,Pernem,37757,Pernem (M Cl) - Ward No.8,252057,Pernem,Municipality,30
164,480,1,North Goa,3685,2,Pernem,551,North Goa,5609,Pernem,37754,Pernem (M Cl) - Ward No.5,252057,Pernem,Municipality,30
165,480,1,North Goa,3685,2,Pernem,551,North Goa,5609,Pernem,37750,Pernem (M Cl) - Ward No.1,252057,Pernem,Municipality,30
166,480,1,North Goa,3685,2,Pernem,551,North Goa,,,37752,Pernem (M Cl) - Ward No.3,252057,Pernem,Municipality,30
167,480,1,North Goa,3685,2,Pernem,551,North Goa,,,37755,Pernem (M Cl) - Ward No.6,252057,Pernem,Municipality,30
168,480,1,North Goa,3685,2,Pernem,551,North Goa,,,37758,Pernem (M Cl) - Ward No.9,252057,Pernem,Municipality,30
169,480,1,North Goa,3685,2,Pernem,551,North Goa,5609,Pernem,37756,Pernem (M Cl) - Ward No.7,252057,Pernem,Municipality,30
170,480,1,North Goa,3685,2,Pernem,551,North Goa,,,37759,Pernem (M Cl) - Ward No.10,252057,Pernem,Municipality,30
171,480,1,North Goa,3685,2,Pernem,551,North Goa,,,37753,Pernem (M Cl) - Ward No.4,252057,Pernem,Municipality,30
172,480,1,North Goa,3685,2,Pernem,551,North Goa,5609,Pernem,37752,Pernem (M Cl) - Ward No.3,252057,Pernem,Municipality,30
173,480,1,North Goa,3685,2,Pernem,551,North Goa,,,37756,Pernem (M Cl) - Ward No.7,252057,Pernem,Municipality,30
174,480,1,North Goa,3685,2,Pernem,551,North Goa,,,37751,Pernem (M Cl) - Ward No.2,252057,Pernem,Municipality,30
175,480,1,North Goa,3685,2,Pernem,551,North Goa,,,37754,Pernem (M Cl) - Ward No.5,252057,Pernem,Municipality,30
176,480,1,North Goa,3685,2,Pernem,551,North Goa,5609,Pernem,37751,Pernem (M Cl) - Ward No.2,252057,Pernem,Municipality,30
177,480,1,North Goa,3685,2,Pernem,551,North Goa,,,37750,Pernem (M Cl) - Ward No.1,252057,Pernem,Municipality,30
178,480,1,North Goa,3685,2,Pernem,551,North Goa,5609,Pernem,37755,Pernem (M Cl) - Ward No.6,252057,Pernem,Municipality,30
179,480,1,North Goa,3690,17,Sanquelim,551,North Goa,5612,Bicholim,1459,Sanquelim (M Cl) - Ward No.3,252077,Sankhali,Municipality,30
180,480,1,North Goa,3690,17,Sanquelim,551,North Goa,,,1459,Sanquelim (M Cl) - Ward No.3,252077,Sankhali,Municipality,30
181,480,1,North Goa,3690,17,Sanquelim,551,North Goa,,,1466,Sanquelim (M Cl) - Ward No.10,252077,Sankhali,Municipality,30
182,480,1,North Goa,3690,17,Sanquelim,551,North Goa,,,1460,Sanquelim (M Cl) - Ward No.4,252077,Sankhali,Municipality,30
183,480,1,North Goa,3690,17,Sanquelim,551,North Goa,5612,Bicholim,1466,Sanquelim (M Cl) - Ward No.10,252077,Sankhali,Municipality,30
184,480,1,North Goa,3690,17,Sanquelim,551,North Goa,,,1465,Sanquelim (M Cl) - Ward No.9,252077,Sankhali,Municipality,30
185,480,1,North Goa,3690,17,Sanquelim,551,North Goa,5612,Bicholim,1458,Sanquelim (M Cl) - Ward No.2,252077,Sankhali,Municipality,30
186,480,1,North Goa,3690,17,Sanquelim,551,North Goa,5612,Bicholim,1307306,Sanquelim (M Ci) - Ward No. 12,252077,Sankhali,Municipality,30
187,480,1,North Goa,3690,17,Sanquelim,551,North Goa,,,1462,Sanquelim (M Cl) - Ward No.6,252077,Sankhali,Municipality,30
188,480,1,North Goa,3690,17,Sanquelim,551,North Goa,5612,Bicholim,1307307,Sanquelim (M Ci) - Ward No. 13,252077,Sankhali,Municipality,30
189,480,1,North Goa,3690,17,Sanquelim,551,North Goa,,,1458,Sanquelim (M Cl) - Ward No.2,252077,Sankhali,Municipality,30
190,480,1,North Goa,3690,17,Sanquelim,551,North Goa,5612,Bicholim,1464,Sanquelim (M Cl) - Ward No.8,252077,Sankhali,Municipality,30
191,480,1,North Goa,3690,17,Sanquelim,551,North Goa,5612,Bicholim,1463,Sanquelim (M Cl) - Ward No.7,252077,Sankhali,Municipality,30
192,480,1,North Goa,3690,17,Sanquelim,551,North Goa,,,1461,Sanquelim (M Cl) - Ward No.5,252077,Sankhali,Municipality,30
193,480,1,North Goa,3690,17,Sanquelim,551,North Goa,5612,Bicholim,1460,Sanquelim (M Cl) - Ward No.4,252077,Sankhali,Municipality,30
194,480,1,North Goa,3690,17,Sanquelim,551,North Goa,5612,Bicholim,1461,Sanquelim (M Cl) - Ward No.5,252077,Sankhali,Municipality,30
195,480,1,North Goa,3690,17,Sanquelim,551,North Goa,5612,Bicholim,1465,Sanquelim (M Cl) - Ward No.9,252077,Sankhali,Municipality,30
196,480,1,North Goa,3690,17,Sanquelim,551,North Goa,,,1307307,Sanquelim (M Ci) - Ward No. 13,252077,Sankhali,Municipality,30
197,480,1,North Goa,3690,17,Sanquelim,551,North Goa,,,1463,Sanquelim (M Cl) - Ward No.7,252077,Sankhali,Municipality,30
198,480,1,North Goa,3690,17,Sanquelim,551,North Goa,,,1464,Sanquelim (M Cl) - Ward No.8,252077,Sankhali,Municipality,30
199,480,1,North Goa,3690,17,Sanquelim,551,North Goa,5612,Bicholim,932935,Sanquelim (M Cl) - Ward No.11,252077,Sankhali,Municipality,30
200,480,1,North Goa,3690,17,Sanquelim,551,North Goa,5612,Bicholim,1457,Sanquelim (M Cl) - Ward No.1,252077,Sankhali,Municipality,30
201,480,1,North Goa,3690,17,Sanquelim,551,North Goa,5612,Bicholim,1462,Sanquelim (M Cl) - Ward No.6,252077,Sankhali,Municipality,30
202,480,1,North Goa,3690,17,Sanquelim,551,North Goa,,,932935,Sanquelim (M Cl) - Ward No.11,252077,Sankhali,Municipality,30
203,480,1,North Goa,3690,17,Sanquelim,551,North Goa,,,1307306,Sanquelim (M Ci) - Ward No. 12,252077,Sankhali,Municipality,30
204,480,1,North Goa,3690,17,Sanquelim,551,North Goa,,,1457,Sanquelim (M Cl) - Ward No.1,252077,Sankhali,Municipality,30
205,480,1,North Goa,3696,19,Valpoi,551,North Goa,5613,Satari,74925,Valpoi (M Cl) - Ward No.4,252079,Valpoi,Municipality,30
206,480,1,North Goa,3696,19,Valpoi,551,North Goa,,,74924,Valpoi (M Cl) - Ward No.3,252079,Valpoi,Municipality,30
207,480,1,North Goa,3696,19,Valpoi,551,North Goa,,,74928,Valpoi (M Cl) - Ward No.7,252079,Valpoi,Municipality,30
208,480,1,North Goa,3696,19,Valpoi,551,North Goa,5613,Satari,68178,Valpoi (M Cl) - Ward No.8,252079,Valpoi,Municipality,30
209,480,1,North Goa,3696,19,Valpoi,551,North Goa,5613,Satari,74922,Valpoi (M Cl) - Ward No.1,252079,Valpoi,Municipality,30
210,480,1,North Goa,3696,19,Valpoi,551,North Goa,5613,Satari,74928,Valpoi (M Cl) - Ward No.7,252079,Valpoi,Municipality,30
211,480,1,North Goa,3696,19,Valpoi,551,North Goa,5613,Satari,74926,Valpoi (M Cl) - Ward No.5,252079,Valpoi,Municipality,30
212,480,1,North Goa,3696,19,Valpoi,551,North Goa,,,68179,Valpoi (M Cl) - Ward No.9,252079,Valpoi,Municipality,30
213,480,1,North Goa,3696,19,Valpoi,551,North Goa,5613,Satari,74923,Valpoi (M Cl) - Ward No.2,252079,Valpoi,Municipality,30
214,480,1,North Goa,3696,19,Valpoi,551,North Goa,,,74923,Valpoi (M Cl) - Ward No.2,252079,Valpoi,Municipality,30
215,480,1,North Goa,3696,19,Valpoi,551,North Goa,,,68180,Valpoi (M Cl) - Ward No.10,252079,Valpoi,Municipality,30
216,480,1,North Goa,3696,19,Valpoi,551,North Goa,,,74926,Valpoi (M Cl) - Ward No.5,252079,Valpoi,Municipality,30
217,480,1,North Goa,3696,19,Valpoi,551,North Goa,,,68178,Valpoi (M Cl) - Ward No.8,252079,Valpoi,Municipality,30
218,480,1,North Goa,3696,19,Valpoi,551,North Goa,,,74927,Valpoi (M Cl) - Ward No.6,252079,Valpoi,Municipality,30
219,480,1,North Goa,3696,19,Valpoi,551,North Goa,5613,Satari,74924,Valpoi (M Cl) - Ward No.3,252079,Valpoi,Municipality,30
220,480,1,North Goa,3696,19,Valpoi,551,North Goa,,,74922,Valpoi (M Cl) - Ward No.1,252079,Valpoi,Municipality,30
221,480,1,North Goa,3696,19,Valpoi,551,North Goa,5613,Satari,74927,Valpoi (M Cl) - Ward No.6,252079,Valpoi,Municipality,30
222,480,1,North Goa,3696,19,Valpoi,551,North Goa,5613,Satari,68179,Valpoi (M Cl) - Ward No.9,252079,Valpoi,Municipality,30
223,480,1,North Goa,3696,19,Valpoi,551,North Goa,,,74925,Valpoi (M Cl) - Ward No.4,252079,Valpoi,Municipality,30
224,480,1,North Goa,3696,19,Valpoi,551,North Goa,5613,Satari,68180,Valpoi (M Cl) - Ward No.10,252079,Valpoi,Municipality,30
225,481,2,South Goa,3698,40,Canacona,552,South Goa,5619,Canacona,1631,Canacona (M Cl) - Ward No.6,252100,Canacona,Municipality,30
226,481,2,South Goa,3698,40,Canacona,552,South Goa,5619,Canacona,1633,Canacona (M Cl) - Ward No.8,252100,Canacona,Municipality,30
227,481,2,South Goa,3698,40,Canacona,552,South Goa,,,1633,Canacona (M Cl) - Ward No.8,252100,Canacona,Municipality,30
228,481,2,South Goa,3698,40,Canacona,552,South Goa,5619,Canacona,1626,Canacona (M Cl) - Ward No.1,252100,Canacona,Municipality,30
229,481,2,South Goa,3698,40,Canacona,552,South Goa,5619,Canacona,1629,Canacona (M Cl) - Ward No.4,252100,Canacona,Municipality,30
230,481,2,South Goa,3698,40,Canacona,552,South Goa,,,1629,Canacona (M Cl) - Ward No.4,252100,Canacona,Municipality,30
231,481,2,South Goa,3698,40,Canacona,552,South Goa,5619,Canacona,1632,Canacona (M Cl) - Ward No.7,252100,Canacona,Municipality,30
232,481,2,South Goa,3698,40,Canacona,552,South Goa,,,1631,Canacona (M Cl) - Ward No.6,252100,Canacona,Municipality,30
233,481,2,South Goa,3698,40,Canacona,552,South Goa,5619,Canacona,1634,Canacona (M Cl) - Ward No.9,252100,Canacona,Municipality,30
234,481,2,South Goa,3698,40,Canacona,552,South Goa,,,3055175,Canacona (M CI) - Ward No. 11,252100,Canacona,Municipality,30
235,481,2,South Goa,3698,40,Canacona,552,South Goa,,,1635,Canacona (M Cl) - Ward No.10,252100,Canacona,Municipality,30
236,481,2,South Goa,3698,40,Canacona,552,South Goa,5619,Canacona,1630,Canacona (M Cl) - Ward No.5,252100,Canacona,Municipality,30
237,481,2,South Goa,3698,40,Canacona,552,South Goa,5619,Canacona,3055176,Canacona (M CI) - Ward No. 12,252100,Canacona,Municipality,30
238,481,2,South Goa,3698,40,Canacona,552,South Goa,5619,Canacona,1635,Canacona (M Cl) - Ward No.10,252100,Canacona,Municipality,30
239,481,2,South Goa,3698,40,Canacona,552,South Goa,,,1632,Canacona (M Cl) - Ward No.7,252100,Canacona,Municipality,30
240,481,2,South Goa,3698,40,Canacona,552,South Goa,,,1627,Canacona (M Cl) - Ward No.2,252100,Canacona,Municipality,30
241,481,2,South Goa,3698,40,Canacona,552,South Goa,,,1626,Canacona (M Cl) - Ward No.1,252100,Canacona,Municipality,30
242,481,2,South Goa,3698,40,Canacona,552,South Goa,,,1628,Canacona (M Cl) - Ward No.3,252100,Canacona,Municipality,30
243,481,2,South Goa,3698,40,Canacona,552,South Goa,,,1630,Canacona (M Cl) - Ward No.5,252100,Canacona,Municipality,30
244,481,2,South Goa,3698,40,Canacona,552,South Goa,5619,Canacona,1628,Canacona (M Cl) - Ward No.3,252100,Canacona,Municipality,30
245,481,2,South Goa,3698,40,Canacona,552,South Goa,,,3055176,Canacona (M CI) - Ward No. 12,252100,Canacona,Municipality,30
246,481,2,South Goa,3698,40,Canacona,552,South Goa,5619,Canacona,3055175,Canacona (M CI) - Ward No. 11,252100,Canacona,Municipality,30
247,481,2,South Goa,3698,40,Canacona,552,South Goa,5619,Canacona,1627,Canacona (M Cl) - Ward No.2,252100,Canacona,Municipality,30
248,481,2,South Goa,3698,40,Canacona,552,South Goa,,,1634,Canacona (M Cl) - Ward No.9,252100,Canacona,Municipality,30
249,481,2,South Goa,3700,34,Cuncolim,552,South Goa,,,1620,Cuncolim (M Cl) - Ward No.7,252095,Cuncolim,Municipality,30
250,481,2,South Goa,3700,34,Cuncolim,552,South Goa,5616,Salcete,1307283,Cuncolim (M Ci)- Ward No. 11,252095,Cuncolim,Municipality,30
251,481,2,South Goa,3700,34,Cuncolim,552,South Goa,,,1622,Cuncolim (M Cl) - Ward No.9,252095,Cuncolim,Municipality,30
252,481,2,South Goa,3700,34,Cuncolim,552,South Goa,5616,Salcete,3055177,Cuncolim (M CI) - Ward No. 13,252095,Cuncolim,Municipality,30
253,481,2,South Goa,3700,34,Cuncolim,552,South Goa,,,1616,Cuncolim (M Cl) - Ward No.3,252095,Cuncolim,Municipality,30
254,481,2,South Goa,3700,34,Cuncolim,552,South Goa,,,3055177,Cuncolim (M CI) - Ward No. 13,252095,Cuncolim,Municipality,30
255,481,2,South Goa,3700,34,Cuncolim,552,South Goa,5616,Salcete,1622,Cuncolim (M Cl) - Ward No.9,252095,Cuncolim,Municipality,30
256,481,2,South Goa,3700,34,Cuncolim,552,South Goa,5616,Salcete,1621,Cuncolim (M Cl) - Ward No.8,252095,Cuncolim,Municipality,30
257,481,2,South Goa,3700,34,Cuncolim,552,South Goa,,,1621,Cuncolim (M Cl) - Ward No.8,252095,Cuncolim,Municipality,30
258,481,2,South Goa,3700,34,Cuncolim,552,South Goa,,,1617,Cuncolim (M Cl) - Ward No.4,252095,Cuncolim,Municipality,30
259,481,2,South Goa,3700,34,Cuncolim,552,South Goa,5616,Salcete,1616,Cuncolim (M Cl) - Ward No.3,252095,Cuncolim,Municipality,30
260,481,2,South Goa,3700,34,Cuncolim,552,South Goa,,,1307283,Cuncolim (M Ci)- Ward No. 11,252095,Cuncolim,Municipality,30
261,481,2,South Goa,3700,34,Cuncolim,552,South Goa,,,3055178,Cuncolim (M CI) - Ward No. 14,252095,Cuncolim,Municipality,30
262,481,2,South Goa,3700,34,Cuncolim,552,South Goa,5616,Salcete,1623,Cuncolim (M Cl) - Ward No.10,252095,Cuncolim,Municipality,30
263,481,2,South Goa,3700,34,Cuncolim,552,South Goa,,,1614,Cuncolim (M Cl) - Ward No.1,252095,Cuncolim,Municipality,30
264,481,2,South Goa,3700,34,Cuncolim,552,South Goa,5616,Salcete,1614,Cuncolim (M Cl) - Ward No.1,252095,Cuncolim,Municipality,30
265,481,2,South Goa,3700,34,Cuncolim,552,South Goa,5616,Salcete,1307284,Cuncolim (M Ci)- Ward No. 12,252095,Cuncolim,Municipality,30
266,481,2,South Goa,3700,34,Cuncolim,552,South Goa,,,1619,Cuncolim (M Cl) - Ward No.6,252095,Cuncolim,Municipality,30
267,481,2,South Goa,3700,34,Cuncolim,552,South Goa,5616,Salcete,1615,Cuncolim (M Cl) - Ward No.2,252095,Cuncolim,Municipality,30
268,481,2,South Goa,3700,34,Cuncolim,552,South Goa,,,1618,Cuncolim (M Cl) - Ward No.5,252095,Cuncolim,Municipality,30
269,481,2,South Goa,3700,34,Cuncolim,552,South Goa,,,1307284,Cuncolim (M Ci)- Ward No. 12,252095,Cuncolim,Municipality,30
270,481,2,South Goa,3700,34,Cuncolim,552,South Goa,,,1623,Cuncolim (M Cl) - Ward No.10,252095,Cuncolim,Municipality,30
271,481,2,South Goa,3700,34,Cuncolim,552,South Goa,5616,Salcete,1619,Cuncolim (M Cl) - Ward No.6,252095,Cuncolim,Municipality,30
272,481,2,South Goa,3700,34,Cuncolim,552,South Goa,5616,Salcete,1620,Cuncolim (M Cl) - Ward No.7,252095,Cuncolim,Municipality,30
273,481,2,South Goa,3700,34,Cuncolim,552,South Goa,5616,Salcete,3055178,Cuncolim (M CI) - Ward No. 14,252095,Cuncolim,Municipality,30
274,481,2,South Goa,3700,34,Cuncolim,552,South Goa,5616,Salcete,1617,Cuncolim (M Cl) - Ward No.4,252095,Cuncolim,Municipality,30
275,481,2,South Goa,3700,34,Cuncolim,552,South Goa,5616,Salcete,1618,Cuncolim (M Cl) - Ward No.5,252095,Cuncolim,Municipality,30
276,481,2,South Goa,3700,34,Cuncolim,552,South Goa,,,1615,Cuncolim (M Cl) - Ward No.2,252095,Cuncolim,Municipality,30
277,481,2,South Goa,3701,37,Curchorem,552,South Goa,5617,Quepem,37374,Curchorem Cacora (M Cl) - Ward No.4,252096,Curchorem Cacora,Municipality,30
278,481,2,South Goa,3701,37,Curchorem,552,South Goa,5617,Quepem,37375,Curchorem Cacora (M Cl) - Ward No.5,252096,Curchorem Cacora,Municipality,30
279,481,2,South Goa,3701,37,Curchorem,552,South Goa,,,37378,Curchorem Cacora (M Cl) - Ward No.8,252096,Curchorem Cacora,Municipality,30
280,481,2,South Goa,3701,37,Curchorem,552,South Goa,5617,Quepem,37380,Curchorem Cacora (M Cl) - Ward No.10,252096,Curchorem Cacora,Municipality,30
281,481,2,South Goa,3701,37,Curchorem,552,South Goa,,,1307286,Curchorem Cacora (M Ci) - Ward No. 14,252096,Curchorem Cacora,Municipality,30
282,481,2,South Goa,3701,37,Curchorem,552,South Goa,5617,Quepem,37378,Curchorem Cacora (M Cl) - Ward No.8,252096,Curchorem Cacora,Municipality,30
283,481,2,South Goa,3701,37,Curchorem,552,South Goa,5617,Quepem,3055179,Curchorem Cacora (M CI) - Ward No. 15,252096,Curchorem Cacora,Municipality,30
284,481,2,South Goa,3701,37,Curchorem,552,South Goa,5617,Quepem,37376,Curchorem Cacora (M Cl) - Ward No.6,252096,Curchorem Cacora,Municipality,30
285,481,2,South Goa,3701,37,Curchorem,552,South Goa,,,37380,Curchorem Cacora (M Cl) - Ward No.10,252096,Curchorem Cacora,Municipality,30
286,481,2,South Goa,3701,37,Curchorem,552,South Goa,,,37372,Curchorem Cacora (M Cl) - Ward No.2,252096,Curchorem Cacora,Municipality,30
287,481,2,South Goa,3701,37,Curchorem,552,South Goa,5617,Quepem,1307285,Curchorem Cacora (M Ci) - Ward No. 13,252096,Curchorem Cacora,Municipality,30
288,481,2,South Goa,3701,37,Curchorem,552,South Goa,5617,Quepem,37377,Curchorem Cacora (M Cl) - Ward No.7,252096,Curchorem Cacora,Municipality,30
289,481,2,South Goa,3701,37,Curchorem,552,South Goa,,,37374,Curchorem Cacora (M Cl) - Ward No.4,252096,Curchorem Cacora,Municipality,30
290,481,2,South Goa,3701,37,Curchorem,552,South Goa,,,37375,Curchorem Cacora (M Cl) - Ward No.5,252096,Curchorem Cacora,Municipality,30
291,481,2,South Goa,3701,37,Curchorem,552,South Goa,5617,Quepem,37379,Curchorem Cacora (M Cl) - Ward No.9,252096,Curchorem Cacora,Municipality,30
292,481,2,South Goa,3701,37,Curchorem,552,South Goa,,,3055179,Curchorem Cacora (M CI) - Ward No. 15,252096,Curchorem Cacora,Municipality,30
293,481,2,South Goa,3701,37,Curchorem,552,South Goa,5617,Quepem,37373,Curchorem Cacora (M Cl) - Ward No.3,252096,Curchorem Cacora,Municipality,30
294,481,2,South Goa,3701,37,Curchorem,552,South Goa,,,37379,Curchorem Cacora (M Cl) - Ward No.9,252096,Curchorem Cacora,Municipality,30
295,481,2,South Goa,3701,37,Curchorem,552,South Goa,5617,Quepem,37372,Curchorem Cacora (M Cl) - Ward No.2,252096,Curchorem Cacora,Municipality,30
296,481,2,South Goa,3701,37,Curchorem,552,South Goa,,,924821,Curchorem Cacora (Mci) - Ward No.12,252096,Curchorem Cacora,Municipality,30
297,481,2,South Goa,3701,37,Curchorem,552,South Goa,,,924820,Curchorem Cacora (Mci) - Ward No.11,252096,Curchorem Cacora,Municipality,30
298,481,2,South Goa,3701,37,Curchorem,552,South Goa,,,37268,Curchorem Cacora (M Cl) - Ward No.1,252096,Curchorem Cacora,Municipality,30
299,481,2,South Goa,3701,37,Curchorem,552,South Goa,,,37376,Curchorem Cacora (M Cl) - Ward No.6,252096,Curchorem Cacora,Municipality,30
300,481,2,South Goa,3701,37,Curchorem,552,South Goa,,,1307285,Curchorem Cacora (M Ci) - Ward No. 13,252096,Curchorem Cacora,Municipality,30
301,481,2,South Goa,3701,37,Curchorem,552,South Goa,5617,Quepem,924821,Curchorem Cacora (Mci) - Ward No.12,252096,Curchorem Cacora,Municipality,30
302,481,2,South Goa,3701,37,Curchorem,552,South Goa,5617,Quepem,924820,Curchorem Cacora (Mci) - Ward No.11,252096,Curchorem Cacora,Municipality,30
303,481,2,South Goa,3701,37,Curchorem,552,South Goa,,,37373,Curchorem Cacora (M Cl) - Ward No.3,252096,Curchorem Cacora,Municipality,30
304,481,2,South Goa,3701,37,Curchorem,552,South Goa,,,37377,Curchorem Cacora (M Cl) - Ward No.7,252096,Curchorem Cacora,Municipality,30
305,481,2,South Goa,3701,37,Curchorem,552,South Goa,5617,Quepem,37268,Curchorem Cacora (M Cl) - Ward No.1,252096,Curchorem Cacora,Municipality,30
306,481,2,South Goa,3701,37,Curchorem,552,South Goa,5617,Quepem,1307286,Curchorem Cacora (M Ci) - Ward No. 14,252096,Curchorem Cacora,Municipality,30
307,481,2,South Goa,3706,31,Margao,552,South Goa,5616,Salcete,1307294,Margao ( Mci) - Ward No. 21,252087,Margao,Municipality,30
308,481,2,South Goa,3706,31,Margao,552,South Goa,5616,Salcete,1307295,Margao (Mci) - Ward No. 22,252087,Margao,Municipality,30
309,481,2,South Goa,3706,31,Margao,552,South Goa,5616,Salcete,1307297,Margao (Mci) - Ward No. 24,252087,Margao,Municipality,30
310,481,2,South Goa,3706,31,Margao,552,South Goa,5616,Salcete,1495,Margao (M Cl) - Ward No.7,252087,Margao,Municipality,30
311,481,2,South Goa,3706,31,Margao,552,South Goa,5616,Salcete,1491,Margao (M Cl) - Ward No.3,252087,Margao,Municipality,30
312,481,2,South Goa,3706,31,Margao,552,South Goa,5616,Salcete,1608,Margao (M Cl) - Ward No.15,252087,Margao,Municipality,30
313,481,2,South Goa,3706,31,Margao,552,South Goa,,,6360,Margao (Mci) - Ward No.17,252087,Margao,Municipality,30
314,481,2,South Goa,3706,31,Margao,552,South Goa,,,7001,Margao (Mci) - Ward No.20,252087,Margao,Municipality,30
315,481,2,South Goa,3706,31,Margao,552,South Goa,5616,Salcete,1489,Margao (M Cl) - Ward No.1,252087,Margao,Municipality,30
316,481,2,South Goa,3706,31,Margao,552,South Goa,,,1607,Margao (M Cl) - Ward No.14,252087,Margao,Municipality,30
317,481,2,South Goa,3706,31,Margao,552,South Goa,5616,Salcete,6360,Margao (Mci) - Ward No.17,252087,Margao,Municipality,30
318,481,2,South Goa,3706,31,Margao,552,South Goa,5616,Salcete,1496,Margao (M Cl) - Ward No.8,252087,Margao,Municipality,30
319,481,2,South Goa,3706,31,Margao,552,South Goa,,,1489,Margao (M Cl) - Ward No.1,252087,Margao,Municipality,30
320,481,2,South Goa,3706,31,Margao,552,South Goa,5616,Salcete,1609,Margao (M Cl) - Ward No.16,252087,Margao,Municipality,30
321,481,2,South Goa,3706,31,Margao,552,South Goa,5616,Salcete,1307298,Margao (Mci) - Ward No. 25,252087,Margao,Municipality,30
322,481,2,South Goa,3706,31,Margao,552,South Goa,,,1492,Margao (M Cl) - Ward No.4,252087,Margao,Municipality,30
323,481,2,South Goa,3706,31,Margao,552,South Goa,,,1499,Margao (M Cl) - Ward No.11,252087,Margao,Municipality,30
324,481,2,South Goa,3706,31,Margao,552,South Goa,5616,Salcete,1497,Margao (M Cl) - Ward No.9,252087,Margao,Municipality,30
325,481,2,South Goa,3706,31,Margao,552,South Goa,,,6361,Margao (Mci) - Ward No.18,252087,Margao,Municipality,30
326,481,2,South Goa,3706,31,Margao,552,South Goa,,,1307295,Margao (Mci) - Ward No. 22,252087,Margao,Municipality,30
327,481,2,South Goa,3706,31,Margao,552,South Goa,,,1605,Margao (M Cl) - Ward No.12,252087,Margao,Municipality,30
328,481,2,South Goa,3706,31,Margao,552,South Goa,,,1495,Margao (M Cl) - Ward No.7,252087,Margao,Municipality,30
329,481,2,South Goa,3706,31,Margao,552,South Goa,,,1498,Margao (M Cl) - Ward No.10,252087,Margao,Municipality,30
330,481,2,South Goa,3706,31,Margao,552,South Goa,5616,Salcete,1307296,Margao (Mci)- Ward No. 23,252087,Margao,Municipality,30
331,481,2,South Goa,3706,31,Margao,552,South Goa,5616,Salcete,1606,Margao (M Cl) - Ward No.13,252087,Margao,Municipality,30
332,481,2,South Goa,3706,31,Margao,552,South Goa,5616,Salcete,1498,Margao (M Cl) - Ward No.10,252087,Margao,Municipality,30
333,481,2,South Goa,3706,31,Margao,552,South Goa,,,1494,Margao (M Cl) - Ward No.6,252087,Margao,Municipality,30
334,481,2,South Goa,3706,31,Margao,552,South Goa,5616,Salcete,1607,Margao (M Cl) - Ward No.14,252087,Margao,Municipality,30
335,481,2,South Goa,3706,31,Margao,552,South Goa,,,1491,Margao (M Cl) - Ward No.3,252087,Margao,Municipality,30
336,481,2,South Goa,3706,31,Margao,552,South Goa,,,1307297,Margao (Mci) - Ward No. 24,252087,Margao,Municipality,30
337,481,2,South Goa,3706,31,Margao,552,South Goa,5616,Salcete,1499,Margao (M Cl) - Ward No.11,252087,Margao,Municipality,30
338,481,2,South Goa,3706,31,Margao,552,South Goa,5616,Salcete,1490,Margao (M Cl) - Ward No.2,252087,Margao,Municipality,30
339,481,2,South Goa,3706,31,Margao,552,South Goa,,,1608,Margao (M Cl) - Ward No.15,252087,Margao,Municipality,30
340,481,2,South Goa,3706,31,Margao,552,South Goa,5616,Salcete,1493,Margao (M Cl) - Ward No.5,252087,Margao,Municipality,30
341,481,2,South Goa,3706,31,Margao,552,South Goa,,,1307296,Margao (Mci)- Ward No. 23,252087,Margao,Municipality,30
342,481,2,South Goa,3706,31,Margao,552,South Goa,,,1606,Margao (M Cl) - Ward No.13,252087,Margao,Municipality,30
343,481,2,South Goa,3706,31,Margao,552,South Goa,,,1490,Margao (M Cl) - Ward No.2,252087,Margao,Municipality,30
344,481,2,South Goa,3706,31,Margao,552,South Goa,5616,Salcete,7001,Margao (Mci) - Ward No.20,252087,Margao,Municipality,30
345,481,2,South Goa,3706,31,Margao,552,South Goa,,,1307298,Margao (Mci) - Ward No. 25,252087,Margao,Municipality,30
346,481,2,South Goa,3706,31,Margao,552,South Goa,5616,Salcete,7000,Margao (Mci) - Ward No.19,252087,Margao,Municipality,30
347,481,2,South Goa,3706,31,Margao,552,South Goa,,,1493,Margao (M Cl) - Ward No.5,252087,Margao,Municipality,30
348,481,2,South Goa,3706,31,Margao,552,South Goa,,,7000,Margao (Mci) - Ward No.19,252087,Margao,Municipality,30
349,481,2,South Goa,3706,31,Margao,552,South Goa,,,1307294,Margao ( Mci) - Ward No. 21,252087,Margao,Municipality,30
350,481,2,South Goa,3706,31,Margao,552,South Goa,5616,Salcete,1492,Margao (M Cl) - Ward No.4,252087,Margao,Municipality,30
351,481,2,South Goa,3706,31,Margao,552,South Goa,,,1496,Margao (M Cl) - Ward No.8,252087,Margao,Municipality,30
352,481,2,South Goa,3706,31,Margao,552,South Goa,5616,Salcete,1605,Margao (M Cl) - Ward No.12,252087,Margao,Municipality,30
353,481,2,South Goa,3706,31,Margao,552,South Goa,5616,Salcete,1494,Margao (M Cl) - Ward No.6,252087,Margao,Municipality,30
354,481,2,South Goa,3706,31,Margao,552,South Goa,,,1609,Margao (M Cl) - Ward No.16,252087,Margao,Municipality,30
355,481,2,South Goa,3706,31,Margao,552,South Goa,5616,Salcete,6361,Margao (Mci) - Ward No.18,252087,Margao,Municipality,30
356,481,2,South Goa,3706,31,Margao,552,South Goa,,,1497,Margao (M Cl) - Ward No.9,252087,Margao,Municipality,30
357,481,2,South Goa,3707,24,Mormugao,552,South Goa,,,37253,Mormugao (M Cl) - Ward No.7,252084,Mormugao,Municipality,30
358,481,2,South Goa,3707,24,Mormugao,552,South Goa,5615,Mormugao,37266,Mormugao (M Cl) - Ward No.20,252084,Mormugao,Municipality,30
359,481,2,South Goa,3707,24,Mormugao,552,South Goa,5615,Mormugao,37255,Mormugao (M Cl) - Ward No.9,252084,Mormugao,Municipality,30
360,481,2,South Goa,3707,24,Mormugao,552,South Goa,5615,Mormugao,37265,Mormugao (M Cl) - Ward No.19,252084,Mormugao,Municipality,30
361,481,2,South Goa,3707,24,Mormugao,552,South Goa,,,37258,Mormugao (M Cl) - Ward No.12,252084,Mormugao,Municipality,30
362,481,2,South Goa,3707,24,Mormugao,552,South Goa,5615,Mormugao,37257,Mormugao (M Cl) - Ward No.11,252084,Mormugao,Municipality,30
363,481,2,South Goa,3707,24,Mormugao,552,South Goa,,,1307303,Mormugao (M Ci) - Ward No. 25,252084,Mormugao,Municipality,30
364,481,2,South Goa,3707,24,Mormugao,552,South Goa,,,37262,Mormugao (M Cl) - Ward No.16,252084,Mormugao,Municipality,30
365,481,2,South Goa,3707,24,Mormugao,552,South Goa,,,37255,Mormugao (M Cl) - Ward No.9,252084,Mormugao,Municipality,30
366,481,2,South Goa,3707,24,Mormugao,552,South Goa,5615,Mormugao,1307300,Mormugao (M Ci) - Ward No. 22,252084,Mormugao,Municipality,30
367,481,2,South Goa,3707,24,Mormugao,552,South Goa,5615,Mormugao,37253,Mormugao (M Cl) - Ward No.7,252084,Mormugao,Municipality,30
368,481,2,South Goa,3707,24,Mormugao,552,South Goa,5615,Mormugao,37259,Mormugao (M Cl) - Ward No.13,252084,Mormugao,Municipality,30
369,481,2,South Goa,3707,24,Mormugao,552,South Goa,,,37260,Mormugao (M Cl) - Ward No.14,252084,Mormugao,Municipality,30
370,481,2,South Goa,3707,24,Mormugao,552,South Goa,5615,Mormugao,1307301,Mormugao (M Ci) - Ward No. 23,252084,Mormugao,Municipality,30
371,481,2,South Goa,3707,24,Mormugao,552,South Goa,5615,Mormugao,37254,Mormugao (M Cl) - Ward No.8,252084,Mormugao,Municipality,30
372,481,2,South Goa,3707,24,Mormugao,552,South Goa,,,1307299,Mormugao (M Ci) - Ward No. 21,252084,Mormugao,Municipality,30
373,481,2,South Goa,3707,24,Mormugao,552,South Goa,5615,Mormugao,37248,Mormugao (M Cl) - Ward No.2,252084,Mormugao,Municipality,30
374,481,2,South Goa,3707,24,Mormugao,552,South Goa,,,1307300,Mormugao (M Ci) - Ward No. 22,252084,Mormugao,Municipality,30
375,481,2,South Goa,3707,24,Mormugao,552,South Goa,5615,Mormugao,37251,Mormugao (M Cl) - Ward No.5,252084,Mormugao,Municipality,30
376,481,2,South Goa,3707,24,Mormugao,552,South Goa,5615,Mormugao,37252,Mormugao (M Cl) - Ward No.6,252084,Mormugao,Municipality,30
377,481,2,South Goa,3707,24,Mormugao,552,South Goa,5615,Mormugao,37264,Mormugao (M Cl) - Ward No.18,252084,Mormugao,Municipality,30
378,481,2,South Goa,3707,24,Mormugao,552,South Goa,,,37249,Mormugao (M Cl) - Ward No.3,252084,Mormugao,Municipality,30
379,481,2,South Goa,3707,24,Mormugao,552,South Goa,5615,Mormugao,37249,Mormugao (M Cl) - Ward No.3,252084,Mormugao,Municipality,30
380,481,2,South Goa,3707,24,Mormugao,552,South Goa,,,37247,Mormugao (M Cl) - Ward No.1,252084,Mormugao,Municipality,30
381,481,2,South Goa,3707,24,Mormugao,552,South Goa,5615,Mormugao,37258,Mormugao (M Cl) - Ward No.12,252084,Mormugao,Municipality,30
382,481,2,South Goa,3707,24,Mormugao,552,South Goa,5615,Mormugao,37250,Mormugao (M Cl) - Ward No.4,252084,Mormugao,Municipality,30
383,481,2,South Goa,3707,24,Mormugao,552,South Goa,,,37250,Mormugao (M Cl) - Ward No.4,252084,Mormugao,Municipality,30
384,481,2,South Goa,3707,24,Mormugao,552,South Goa,5615,Mormugao,1307303,Mormugao (M Ci) - Ward No. 25,252084,Mormugao,Municipality,30
385,481,2,South Goa,3707,24,Mormugao,552,South Goa,,,37254,Mormugao (M Cl) - Ward No.8,252084,Mormugao,Municipality,30
386,481,2,South Goa,3707,24,Mormugao,552,South Goa,,,37263,Mormugao (M Cl) - Ward No.17,252084,Mormugao,Municipality,30
387,481,2,South Goa,3707,24,Mormugao,552,South Goa,5615,Mormugao,1307302,Mormugao (M Ci) - Ward No. 24,252084,Mormugao,Municipality,30
388,481,2,South Goa,3707,24,Mormugao,552,South Goa,,,37259,Mormugao (M Cl) - Ward No.13,252084,Mormugao,Municipality,30
389,481,2,South Goa,3707,24,Mormugao,552,South Goa,,,37257,Mormugao (M Cl) - Ward No.11,252084,Mormugao,Municipality,30
390,481,2,South Goa,3707,24,Mormugao,552,South Goa,,,37256,Mormugao (M Cl) - Ward No.10,252084,Mormugao,Municipality,30
391,481,2,South Goa,3707,24,Mormugao,552,South Goa,5615,Mormugao,37260,Mormugao (M Cl) - Ward No.14,252084,Mormugao,Municipality,30
392,481,2,South Goa,3707,24,Mormugao,552,South Goa,,,37266,Mormugao (M Cl) - Ward No.20,252084,Mormugao,Municipality,30
393,481,2,South Goa,3707,24,Mormugao,552,South Goa,,,37251,Mormugao (M Cl) - Ward No.5,252084,Mormugao,Municipality,30
394,481,2,South Goa,3707,24,Mormugao,552,South Goa,5615,Mormugao,1307299,Mormugao (M Ci) - Ward No. 21,252084,Mormugao,Municipality,30
395,481,2,South Goa,3707,24,Mormugao,552,South Goa,,,37265,Mormugao (M Cl) - Ward No.19,252084,Mormugao,Municipality,30
396,481,2,South Goa,3707,24,Mormugao,552,South Goa,5615,Mormugao,37262,Mormugao (M Cl) - Ward No.16,252084,Mormugao,Municipality,30
397,481,2,South Goa,3707,24,Mormugao,552,South Goa,5615,Mormugao,37247,Mormugao (M Cl) - Ward No.1,252084,Mormugao,Municipality,30
398,481,2,South Goa,3707,24,Mormugao,552,South Goa,,,1307302,Mormugao (M Ci) - Ward No. 24,252084,Mormugao,Municipality,30
399,481,2,South Goa,3707,24,Mormugao,552,South Goa,5615,Mormugao,37263,Mormugao (M Cl) - Ward No.17,252084,Mormugao,Municipality,30
400,481,2,South Goa,3707,24,Mormugao,552,South Goa,,,37248,Mormugao (M Cl) - Ward No.2,252084,Mormugao,Municipality,30
401,481,2,South Goa,3707,24,Mormugao,552,South Goa,5615,Mormugao,37256,Mormugao (M Cl) - Ward No.10,252084,Mormugao,Municipality,30
402,481,2,South Goa,3707,24,Mormugao,552,South Goa,,,37252,Mormugao (M Cl) - Ward No.6,252084,Mormugao,Municipality,30
403,481,2,South Goa,3707,24,Mormugao,552,South Goa,,,37264,Mormugao (M Cl) - Ward No.18,252084,Mormugao,Municipality,30
404,481,2,South Goa,3707,24,Mormugao,552,South Goa,,,1307301,Mormugao (M Ci) - Ward No. 23,252084,Mormugao,Municipality,30
405,481,2,South Goa,3707,24,Mormugao,552,South Goa,,,37261,Mormugao (M Cl) - Ward No.15,252084,Mormugao,Municipality,30
406,481,2,South Goa,3707,24,Mormugao,552,South Goa,5615,Mormugao,37261,Mormugao (M Cl) - Ward No.15,252084,Mormugao,Municipality,30
407,481,2,South Goa,3710,21,Ponda,552,South Goa,,,37244,Ponda (M Cl) - Ward No.8,252082,Ponda,Municipality,30
408,481,2,South Goa,3710,21,Ponda,552,South Goa,,,37238,Ponda (M Cl) - Ward No.2,252082,Ponda,Municipality,30
409,481,2,South Goa,3710,21,Ponda,552,South Goa,,,37246,Ponda (M Cl) - Ward No.10,252082,Ponda,Municipality,30
410,481,2,South Goa,3710,21,Ponda,552,South Goa,,,932927,Ponda (Mci) - Ward No.14,252082,Ponda,Municipality,30
411,481,2,South Goa,3710,21,Ponda,552,South Goa,,,1307304,Ponda (Mci) - Ward No. 15,252082,Ponda,Municipality,30
412,481,2,South Goa,3710,21,Ponda,552,South Goa,5614,Ponda,932830,Ponda (Mci) - Ward No.12,252082,Ponda,Municipality,30
413,481,2,South Goa,3710,21,Ponda,552,South Goa,5614,Ponda,37246,Ponda (M Cl) - Ward No.10,252082,Ponda,Municipality,30
414,481,2,South Goa,3710,21,Ponda,552,South Goa,,,37237,Ponda (M Cl) - Ward No.1,252082,Ponda,Municipality,30
415,481,2,South Goa,3710,21,Ponda,552,South Goa,5614,Ponda,37237,Ponda (M Cl) - Ward No.1,252082,Ponda,Municipality,30
416,481,2,South Goa,3710,21,Ponda,552,South Goa,,,37242,Ponda (M Cl) - Ward No.6,252082,Ponda,Municipality,30
417,481,2,South Goa,3710,21,Ponda,552,South Goa,5614,Ponda,932829,Ponda (Mci) - Ward No.11,252082,Ponda,Municipality,30
418,481,2,South Goa,3710,21,Ponda,552,South Goa,5614,Ponda,37240,Ponda (M Cl) - Ward No.4,252082,Ponda,Municipality,30
419,481,2,South Goa,3710,21,Ponda,552,South Goa,5614,Ponda,37241,Ponda (M Cl) - Ward No.5,252082,Ponda,Municipality,30
420,481,2,South Goa,3710,21,Ponda,552,South Goa,,,37239,Ponda (M Cl) - Ward No.3,252082,Ponda,Municipality,30
421,481,2,South Goa,3710,21,Ponda,552,South Goa,5614,Ponda,37243,Ponda (M Cl) - Ward No.7,252082,Ponda,Municipality,30
422,481,2,South Goa,3710,21,Ponda,552,South Goa,5614,Ponda,1307304,Ponda (Mci) - Ward No. 15,252082,Ponda,Municipality,30
423,481,2,South Goa,3710,21,Ponda,552,South Goa,5614,Ponda,37238,Ponda (M Cl) - Ward No.2,252082,Ponda,Municipality,30
424,481,2,South Goa,3710,21,Ponda,552,South Goa,5614,Ponda,37242,Ponda (M Cl) - Ward No.6,252082,Ponda,Municipality,30
425,481,2,South Goa,3710,21,Ponda,552,South Goa,5614,Ponda,37245,Ponda (M Cl) - Ward No.9,252082,Ponda,Municipality,30
426,481,2,South Goa,3710,21,Ponda,552,South Goa,,,37241,Ponda (M Cl) - Ward No.5,252082,Ponda,Municipality,30
427,481,2,South Goa,3710,21,Ponda,552,South Goa,5614,Ponda,37239,Ponda (M Cl) - Ward No.3,252082,Ponda,Municipality,30
428,481,2,South Goa,3710,21,Ponda,552,South Goa,,,932829,Ponda (Mci) - Ward No.11,252082,Ponda,Municipality,30
429,481,2,South Goa,3710,21,Ponda,552,South Goa,,,932923,Ponda (Mci) - Ward No.13,252082,Ponda,Municipality,30
430,481,2,South Goa,3710,21,Ponda,552,South Goa,,,932830,Ponda (Mci) - Ward No.12,252082,Ponda,Municipality,30
431,481,2,South Goa,3710,21,Ponda,552,South Goa,5614,Ponda,932923,Ponda (Mci) - Ward No.13,252082,Ponda,Municipality,30
432,481,2,South Goa,3710,21,Ponda,552,South Goa,,,37245,Ponda (M Cl) - Ward No.9,252082,Ponda,Municipality,30
433,481,2,South Goa,3710,21,Ponda,552,South Goa,5614,Ponda,932927,Ponda (Mci) - Ward No.14,252082,Ponda,Municipality,30
434,481,2,South Goa,3710,21,Ponda,552,South Goa,5614,Ponda,37244,Ponda (M Cl) - Ward No.8,252082,Ponda,Municipality,30
435,481,2,South Goa,3710,21,Ponda,552,South Goa,,,37243,Ponda (M Cl) - Ward No.7,252082,Ponda,Municipality,30
436,481,2,South Goa,3710,21,Ponda,552,South Goa,,,37240,Ponda (M Cl) - Ward No.4,252082,Ponda,Municipality,30
437,481,2,South Goa,3711,36,Quepem,552,South Goa,5617,Quepem,37390,Quepem (M Cl) - Ward No.10,252097,Quepem,Municipality,30
438,481,2,South Goa,3711,36,Quepem,552,South Goa,,,1307305,Quepem (M Ci) - Ward No. 11,252097,Quepem,Municipality,30
439,481,2,South Goa,3711,36,Quepem,552,South Goa,5617,Quepem,37387,Quepem (M Cl) - Ward No.7,252097,Quepem,Municipality,30
440,481,2,South Goa,3711,36,Quepem,552,South Goa,,,37384,Quepem (M Cl) - Ward No.4,252097,Quepem,Municipality,30
441,481,2,South Goa,3711,36,Quepem,552,South Goa,5617,Quepem,37384,Quepem (M Cl) - Ward No.4,252097,Quepem,Municipality,30
442,481,2,South Goa,3711,36,Quepem,552,South Goa,5617,Quepem,37386,Quepem (M Cl) - Ward No.6,252097,Quepem,Municipality,30
443,481,2,South Goa,3711,36,Quepem,552,South Goa,5617,Quepem,37385,Quepem (M Cl) - Ward No.5,252097,Quepem,Municipality,30
444,481,2,South Goa,3711,36,Quepem,552,South Goa,5617,Quepem,37388,Quepem (M Cl) - Ward No.8,252097,Quepem,Municipality,30
445,481,2,South Goa,3711,36,Quepem,552,South Goa,,,3046941,Quepem (M Ci) - Ward No. 13,252097,Quepem,Municipality,30
446,481,2,South Goa,3711,36,Quepem,552,South Goa,,,37382,Quepem (M Cl) - Ward No.2,252097,Quepem,Municipality,30
447,481,2,South Goa,3711,36,Quepem,552,South Goa,5617,Quepem,37382,Quepem (M Cl) - Ward No.2,252097,Quepem,Municipality,30
448,481,2,South Goa,3711,36,Quepem,552,South Goa,,,37389,Quepem (M Cl) - Ward No.9,252097,Quepem,Municipality,30
449,481,2,South Goa,3711,36,Quepem,552,South Goa,,,37386,Quepem (M Cl) - Ward No.6,252097,Quepem,Municipality,30
450,481,2,South Goa,3711,36,Quepem,552,South Goa,,,37383,Quepem (M Cl) - Ward No.3,252097,Quepem,Municipality,30
451,481,2,South Goa,3711,36,Quepem,552,South Goa,,,37387,Quepem (M Cl) - Ward No.7,252097,Quepem,Municipality,30
452,481,2,South Goa,3711,36,Quepem,552,South Goa,5617,Quepem,3046941,Quepem (M Ci) - Ward No. 13,252097,Quepem,Municipality,30
453,481,2,South Goa,3711,36,Quepem,552,South Goa,5617,Quepem,37389,Quepem (M Cl) - Ward No.9,252097,Quepem,Municipality,30
454,481,2,South Goa,3711,36,Quepem,552,South Goa,,,37385,Quepem (M Cl) - Ward No.5,252097,Quepem,Municipality,30
455,481,2,South Goa,3711,36,Quepem,552,South Goa,,,3046940,Quepem (M Ci) - Ward No. 12,252097,Quepem,Municipality,30
456,481,2,South Goa,3711,36,Quepem,552,South Goa,5617,Quepem,37383,Quepem (M Cl) - Ward No.3,252097,Quepem,Municipality,30
457,481,2,South Goa,3711,36,Quepem,552,South Goa,5617,Quepem,3046940,Quepem (M Ci) - Ward No. 12,252097,Quepem,Municipality,30
458,481,2,South Goa,3711,36,Quepem,552,South Goa,,,37390,Quepem (M Cl) - Ward No.10,252097,Quepem,Municipality,30
459,481,2,South Goa,3711,36,Quepem,552,South Goa,,,37381,Quepem (M Cl) - Ward No.1,252097,Quepem,Municipality,30
460,481,2,South Goa,3711,36,Quepem,552,South Goa,5617,Quepem,1307305,Quepem (M Ci) - Ward No. 11,252097,Quepem,Municipality,30
461,481,2,South Goa,3711,36,Quepem,552,South Goa,5617,Quepem,37381,Quepem (M Cl) - Ward No.1,252097,Quepem,Municipality,30
462,481,2,South Goa,3711,36,Quepem,552,South Goa,,,37388,Quepem (M Cl) - Ward No.8,252097,Quepem,Municipality,30
463,481,2,South Goa,3712,39,Sanguem,552,South Goa,5618,Sanguem,1624,Sanguem (M Cl) - Ward No.1,252099,Sanguem,Municipality,30
464,481,2,South Goa,3712,39,Sanguem,552,South Goa,5618,Sanguem,37458,Sanguem (M Cl) - Ward No.10,252099,Sanguem,Municipality,30
465,481,2,South Goa,3712,39,Sanguem,552,South Goa,5618,Sanguem,1625,Sanguem (M Cl) - Ward No.2,252099,Sanguem,Municipality,30
466,481,2,South Goa,3712,39,Sanguem,552,South Goa,,,37456,Sanguem (M Cl) - Ward No.8,252099,Sanguem,Municipality,30
467,481,2,South Goa,3712,39,Sanguem,552,South Goa,,,1625,Sanguem (M Cl) - Ward No.2,252099,Sanguem,Municipality,30
468,481,2,South Goa,3712,39,Sanguem,552,South Goa,,,37454,Sanguem (M Cl) - Ward No.6,252099,Sanguem,Municipality,30
469,481,2,South Goa,3712,39,Sanguem,552,South Goa,5618,Sanguem,37453,Sanguem (M Cl) - Ward No.5,252099,Sanguem,Municipality,30
470,481,2,South Goa,3712,39,Sanguem,552,South Goa,,,37458,Sanguem (M Cl) - Ward No.10,252099,Sanguem,Municipality,30
471,481,2,South Goa,3712,39,Sanguem,552,South Goa,,,37452,Sanguem (M Cl) - Ward No.4,252099,Sanguem,Municipality,30
472,481,2,South Goa,3712,39,Sanguem,552,South Goa,5618,Sanguem,37456,Sanguem (M Cl) - Ward No.8,252099,Sanguem,Municipality,30
473,481,2,South Goa,3712,39,Sanguem,552,South Goa,5618,Sanguem,37454,Sanguem (M Cl) - Ward No.6,252099,Sanguem,Municipality,30
474,481,2,South Goa,3712,39,Sanguem,552,South Goa,,,37453,Sanguem (M Cl) - Ward No.5,252099,Sanguem,Municipality,30
475,481,2,South Goa,3712,39,Sanguem,552,South Goa,,,37457,Sanguem (M Cl) - Ward No.9,252099,Sanguem,Municipality,30
476,481,2,South Goa,3712,39,Sanguem,552,South Goa,,,37455,Sanguem (M Cl) - Ward No.7,252099,Sanguem,Municipality,30
477,481,2,South Goa,3712,39,Sanguem,552,South Goa,,,1624,Sanguem (M Cl) - Ward No.1,252099,Sanguem,Municipality,30
478,481,2,South Goa,3712,39,Sanguem,552,South Goa,,,37451,Sanguem (M Cl) - Ward No.3,252099,Sanguem,Municipality,30
479,481,2,South Goa,3712,39,Sanguem,552,South Goa,5618,Sanguem,37451,Sanguem (M Cl) - Ward No.3,252099,Sanguem,Municipality,30
480,481,2,South Goa,3712,39,Sanguem,552,South Goa,5618,Sanguem,37455,Sanguem (M Cl) - Ward No.7,252099,Sanguem,Municipality,30
481,481,2,South Goa,3712,39,Sanguem,552,South Goa,5618,Sanguem,37452,Sanguem (M Cl) - Ward No.4,252099,Sanguem,Municipality,30
482,481,2,South Goa,3712,39,Sanguem,552,South Goa,5618,Sanguem,37457,Sanguem (M Cl) - Ward No.9,252099,Sanguem,Municipality,30
