District Code,District Name (in English),District Census Code 2011,District Census Code 2001,Sub District Code,Sub District Name (in English),Sub District Census Code 2011,Sub District Census Code 2001,Village Code,Village Name (in English),Village Census Code 2011,Village Census Code 2001,Local Body Code,Local Body Name (in English),State Code,State Name
551,North Goa,585.0,1.0,5610,Bardez,5610.0,2.0,626704,Aldona (Ct),626704,40113000.0,254349,Aldona,30,Goa
551,North Goa,585.0,1.0,5610,Bardez,5610.0,2.0,626694,Anjuna (Ct),626694,3800.0,254354,Anjuna-Caisua,30,Goa
551,North Goa,585.0,1.0,5610,Bardez,5610.0,2.0,626673,Arpora,626673,3900.0,254357,Arpora-Nagoa,30,Goa
551,North Goa,585.0,1.0,5610,Bardez,5610.0,2.0,626672,Assagao,626672,3700.0,254358,Assagao,30,Goa
551,North Goa,585.0,1.0,5610,Bardez,5610.0,2.0,626668,Assonora,626668,3300.0,254359,Assanora,30,Goa
551,North Goa,585.0,1.0,5610,Bardez,5610.0,2.0,626678,Bastora,626678,4400.0,254367,Bastora,30,Goa
551,North Goa,585.0,1.0,5610,Bardez,5610.0,2.0,626695,Calangute (Ct),626695,40108000.0,254377,Calangute,30,Goa
551,North Goa,585.0,1.0,5610,Bardez,5610.0,2.0,626695,Calangute (Ct),626695,40108000.0,254380,Candolim,30,Goa
551,North Goa,585.0,1.0,5610,Bardez,5610.0,2.0,626685,Calvim,626685,5200.0,254349,Aldona,30,Goa
551,North Goa,585.0,1.0,5610,Bardez,5610.0,2.0,626663,Camurlim,626663,2800.0,254378,Camurli,30,Goa
551,North Goa,585.0,1.0,5610,Bardez,5610.0,2.0,626677,Canca,626677,4300.0,254531,Verla Canca,30,Goa
551,North Goa,585.0,1.0,5610,Bardez,5610.0,2.0,626697,Candolim (Ct),626697,40109000.0,254380,Candolim,30,Goa
551,North Goa,585.0,1.0,5610,Bardez,5610.0,2.0,626691,Colvale (Ct),626691,40104000.0,254396,Colvale,30,Goa
551,North Goa,585.0,1.0,5610,Bardez,5610.0,2.0,626683,Corjuem,626683,5000.0,254349,Aldona,30,Goa
551,North Goa,585.0,1.0,5610,Bardez,5610.0,2.0,945828,Corlim,0,,,,30,Goa
551,North Goa,585.0,1.0,5610,Bardez,5610.0,2.0,945829,Cunchelim,0,,,,30,Goa
551,North Goa,585.0,1.0,5610,Bardez,5610.0,2.0,626693,Guirim (Ct),626693,40106000.0,254419,Guirim,30,Goa
551,North Goa,585.0,1.0,5610,Bardez,5610.0,2.0,626671,Marna,626671,3600.0,254500,Siolim Marna,30,Goa
551,North Goa,585.0,1.0,5610,Bardez,5610.0,2.0,626689,Marra,626689,5700.0,254380,Candolim,30,Goa
551,North Goa,585.0,1.0,5610,Bardez,5610.0,2.0,626689,Marra,626689,5700.0,254471,Pilerne - Marra,30,Goa
551,North Goa,585.0,1.0,5610,Bardez,5610.0,2.0,945830,Mhapsa,0,,,,30,Goa
551,North Goa,585.0,1.0,5610,Bardez,5610.0,2.0,626692,Moira (Ct),626692,4800.0,254442,Moira,30,Goa
551,North Goa,585.0,1.0,5610,Bardez,5610.0,2.0,626667,Moitem,626667,3200.0,254359,Assanora,30,Goa
551,North Goa,585.0,1.0,5610,Bardez,5610.0,2.0,626682,Nachinola,626682,4900.0,254449,Nachinola,30,Goa
551,North Goa,585.0,1.0,5610,Bardez,5610.0,2.0,626665,Nadora,626665,3000.0,254450,Nadora,30,Goa
551,North Goa,585.0,1.0,5610,Bardez,5610.0,2.0,626674,Nagoa,626674,4000.0,254357,Arpora-Nagoa,30,Goa
551,North Goa,585.0,1.0,5610,Bardez,5610.0,2.0,626698,Nerul (Ct),626698,5600.0,254457,Nerul,30,Goa
551,North Goa,585.0,1.0,5610,Bardez,5610.0,2.0,626686,Olaulim,626686,5300.0,254476,"Pomburpa, Olaulim",30,Goa
551,North Goa,585.0,1.0,5610,Bardez,5610.0,2.0,626662,Oxel,626662,2700.0,254462,Oxel,30,Goa
551,North Goa,585.0,1.0,5610,Bardez,5610.0,2.0,626679,Paliem,626679,4500.0,254520,Ucassaim-Paliem-Punola,30,Goa
551,North Goa,585.0,1.0,5610,Bardez,5610.0,2.0,626675,Parra,626675,4100.0,254469,Parra,30,Goa
551,North Goa,585.0,1.0,5610,Bardez,5610.0,2.0,626701,Penha-De-Franca (Ct),626701,40111000.0,254470,Penha-De-France,30,Goa
551,North Goa,585.0,1.0,5610,Bardez,5610.0,2.0,626700,Pilerne (Ct),626700,5800.0,254471,Pilerne - Marra,30,Goa
551,North Goa,585.0,1.0,5610,Bardez,5610.0,2.0,626666,Pirna,626666,3100.0,254473,Pirna,30,Goa
551,North Goa,585.0,1.0,5610,Bardez,5610.0,2.0,626687,Pomburpa,626687,5400.0,254476,"Pomburpa, Olaulim",30,Goa
551,North Goa,585.0,1.0,5610,Bardez,5610.0,2.0,626684,Ponolem,626684,5100.0,254349,Aldona,30,Goa
551,North Goa,585.0,1.0,5610,Bardez,5610.0,2.0,626680,Punola,626680,4600.0,254520,Ucassaim-Paliem-Punola,30,Goa
551,North Goa,585.0,1.0,5610,Bardez,5610.0,2.0,626699,Reis-Magos,626699,40110000.0,254529,Reis-Magos,30,Goa
551,North Goa,585.0,1.0,5610,Bardez,5610.0,2.0,626664,Revora,626664,2900.0,254482,Revora,30,Goa
551,North Goa,585.0,1.0,5610,Bardez,5610.0,2.0,626696,Saligao (Ct),626696,40107000.0,254486,Saligao,30,Goa
551,North Goa,585.0,1.0,5610,Bardez,5610.0,2.0,626702,Salvador-Do-Mundo (Ct),626702,5900.0,254476,"Pomburpa, Olaulim",30,Goa
551,North Goa,585.0,1.0,5610,Bardez,5610.0,2.0,626702,Salvador-Do-Mundo (Ct),626702,5900.0,254487,Salvador-Do-Mundo,30,Goa
551,North Goa,585.0,1.0,5610,Bardez,5610.0,2.0,626688,Sangolda,626688,5500.0,254490,Sangolda,30,Goa
551,North Goa,585.0,1.0,5610,Bardez,5610.0,2.0,626690,Siolim (Ct),626690,40103000.0,254500,Siolim Marna,30,Goa
551,North Goa,585.0,1.0,5610,Bardez,5610.0,2.0,626690,Siolim (Ct),626690,40103000.0,254501,Siolim-Sodiem,30,Goa
551,North Goa,585.0,1.0,5610,Bardez,5610.0,2.0,626669,Sircaim,626669,3400.0,254504,Sirsaim,30,Goa
551,North Goa,585.0,1.0,5610,Bardez,5610.0,2.0,626703,Socorro (Ct),626703,40112000.0,254506,Socorro,30,Goa
551,North Goa,585.0,1.0,5610,Bardez,5610.0,2.0,626670,Tivim,626670,3500.0,254516,Thivim,30,Goa
551,North Goa,585.0,1.0,5610,Bardez,5610.0,2.0,626681,Ucassaim,626681,4700.0,254520,Ucassaim-Paliem-Punola,30,Goa
551,North Goa,585.0,1.0,5610,Bardez,5610.0,2.0,626676,Verla,626676,4200.0,254531,Verla Canca,30,Goa
551,North Goa,585.0,1.0,5612,Bicholim,5612.0,4.0,626745,Adwalpale,626745,9000.0,254346,Advalpal,30,Goa
551,North Goa,585.0,1.0,5612,Bicholim,5612.0,4.0,626758,Amone,626758,10300.0,254353,Amona,30,Goa
551,North Goa,585.0,1.0,5612,Bicholim,5612.0,4.0,917385,Arvalem,0,,272873,Harvalem,30,Goa
551,North Goa,585.0,1.0,5612,Bicholim,5612.0,4.0,626754,Aturli,626754,9900.0,254439,Mayem,30,Goa
551,North Goa,585.0,1.0,5612,Bicholim,5612.0,4.0,945831,Bicholim,0,,,,30,Goa
551,North Goa,585.0,1.0,5612,Bicholim,5612.0,4.0,924814,Bordem,0,,,,30,Goa
551,North Goa,585.0,1.0,5612,Bicholim,5612.0,4.0,626763,Carapur (Ct),626763,40115000.0,254424,Karapur-Sarvan,30,Goa
551,North Goa,585.0,1.0,5612,Bicholim,5612.0,4.0,626760,Cotombi,626760,10500.0,254464,"Pale, Cotombi",30,Goa
551,North Goa,585.0,1.0,5612,Bicholim,5612.0,4.0,626757,Cudnem,626757,10200.0,254402,Cudnem,30,Goa
551,North Goa,585.0,1.0,5612,Bicholim,5612.0,4.0,626750,Curchirem,626750,9500.0,254437,Ona Maulinguem Curchirem,30,Goa
551,North Goa,585.0,1.0,5612,Bicholim,5612.0,4.0,626742,Dumacem,626742,8700.0,254440,Mencurem Dumacem,30,Goa
551,North Goa,585.0,1.0,5612,Bicholim,5612.0,4.0,924818,Lamgao,0,,,,30,Goa
551,North Goa,585.0,1.0,5612,Bicholim,5612.0,4.0,626744,Latambarcem,626744,8900.0,254430,Latambarcem,30,Goa
551,North Goa,585.0,1.0,5612,Bicholim,5612.0,4.0,626752,Maem,626752,9700.0,254439,Mayem,30,Goa
551,North Goa,585.0,1.0,5612,Bicholim,5612.0,4.0,626749,Maulinguem-North,626749,9400.0,254437,Ona Maulinguem Curchirem,30,Goa
551,North Goa,585.0,1.0,5612,Bicholim,5612.0,4.0,945845,Maulinguem South,0,,,,30,Goa
551,North Goa,585.0,1.0,5612,Bicholim,5612.0,4.0,626741,Mencurem,626741,8600.0,254440,Mencurem Dumacem,30,Goa
551,North Goa,585.0,1.0,5612,Bicholim,5612.0,4.0,626747,Mulgao,626747,9200.0,254448,Mulgao,30,Goa
551,North Goa,585.0,1.0,5612,Bicholim,5612.0,4.0,626755,Naroa,626755,10000.0,254454,Naroa,30,Goa
551,North Goa,585.0,1.0,5612,Bicholim,5612.0,4.0,626759,Navelim,626759,10400.0,254456,Navelim,30,Goa
551,North Goa,585.0,1.0,5612,Bicholim,5612.0,4.0,626748,Ona,626748,9300.0,254437,Ona Maulinguem Curchirem,30,Goa
551,North Goa,585.0,1.0,5612,Bicholim,5612.0,4.0,626764,Pale (Ct),626764,40118000.0,254464,"Pale, Cotombi",30,Goa
551,North Goa,585.0,1.0,5612,Bicholim,5612.0,4.0,626756,Piligao,626756,10100.0,254472,Piligao,30,Goa
551,North Goa,585.0,1.0,5612,Bicholim,5612.0,4.0,626743,Salem,626743,8800.0,254485,Salem,30,Goa
551,North Goa,585.0,1.0,5612,Bicholim,5612.0,4.0,945832,Sankhali,0,,,,30,Goa
551,North Goa,585.0,1.0,5612,Bicholim,5612.0,4.0,626751,Sarvona,626751,9600.0,254424,Karapur-Sarvan,30,Goa
551,North Goa,585.0,1.0,5612,Bicholim,5612.0,4.0,626746,Sirigao,626746,9100.0,254503,Sirigao,30,Goa
551,North Goa,585.0,1.0,5612,Bicholim,5612.0,4.0,626761,Surla,626761,10600.0,254511,Surla,30,Goa
551,North Goa,585.0,1.0,5612,Bicholim,5612.0,4.0,626753,Vainguinim,626753,9800.0,254439,Mayem,30,Goa
551,North Goa,585.0,1.0,5612,Bicholim,5612.0,4.0,626762,Velguem,626762,10700.0,254525,Velguem,30,Goa
551,North Goa,585.0,1.0,5612,Bicholim,5612.0,4.0,924826,Virdi,0,,,,30,Goa
551,North Goa,585.0,1.0,5609,Pernem,5609.0,1.0,626657,Agarvado,626657,2600.0,254347,Agarwada Chopdem,30,Goa
551,North Goa,585.0,1.0,5609,Pernem,5609.0,1.0,626649,Alorna,626649,1600.0,254350,Alorna,30,Goa
551,North Goa,585.0,1.0,5609,Pernem,5609.0,1.0,626643,Amberem,626643,1000.0,254383,"Casnem, Amberem,Poroscodem",30,Goa
551,North Goa,585.0,1.0,5609,Pernem,5609.0,1.0,626658,Arambol (Ct),626658,400.0,254356,Arambol,30,Goa
551,North Goa,585.0,1.0,5609,Pernem,5609.0,1.0,626651,Cansarvornem,626651,1800.0,254425,Kasarvanem,30,Goa
551,North Goa,585.0,1.0,5609,Pernem,5609.0,1.0,626641,Casnem,626641,800.0,254383,"Casnem, Amberem,Poroscodem",30,Goa
551,North Goa,585.0,1.0,5609,Pernem,5609.0,1.0,626648,Chandel,626648,1500.0,254386,Chandel Hasapur,30,Goa
551,North Goa,585.0,1.0,5609,Pernem,5609.0,1.0,626656,Chopdem,626656,2500.0,254347,Agarwada Chopdem,30,Goa
551,North Goa,585.0,1.0,5609,Pernem,5609.0,1.0,626638,Corgao,626638,500.0,254397,Corgao,30,Goa
551,North Goa,585.0,1.0,5609,Pernem,5609.0,1.0,626653,Dargalim,626653,2000.0,254411,Dhargal,30,Goa
551,North Goa,585.0,1.0,5609,Pernem,5609.0,1.0,626650,Ibrampur,626650,1700.0,254422,Ibrampur,30,Goa
551,North Goa,585.0,1.0,5609,Pernem,5609.0,1.0,626659,Mandrem (Ct),626659,2300.0,254435,Mandrem,30,Goa
551,North Goa,585.0,1.0,5609,Pernem,5609.0,1.0,626647,Mopa,626647,1400.0,254514,"Tamboxem, Mopa, Uguem",30,Goa
551,North Goa,585.0,1.0,5609,Pernem,5609.0,1.0,626661,Morgim,626661,2400.0,254445,Morjim,30,Goa
551,North Goa,585.0,1.0,5609,Pernem,5609.0,1.0,626652,Ozorim,626652,1900.0,254463,Ozarim,30,Goa
551,North Goa,585.0,1.0,5609,Pernem,5609.0,1.0,626637,Paliem,626637,300.0,254465,Paliem,30,Goa
551,North Goa,585.0,1.0,5609,Pernem,5609.0,1.0,626660,Parcem (Ct),626660,40102000.0,254467,Parcem,30,Goa
551,North Goa,585.0,1.0,5609,Pernem,5609.0,1.0,626639,Pernem,626639,600.0,,,30,Goa
551,North Goa,585.0,1.0,5609,Pernem,5609.0,1.0,626640,Poroscodem,626640,700.0,254383,"Casnem, Amberem,Poroscodem",30,Goa
551,North Goa,585.0,1.0,5609,Pernem,5609.0,1.0,626636,Querim,626636,200.0,254426,Keri Terecol,30,Goa
551,North Goa,585.0,1.0,5609,Pernem,5609.0,1.0,626645,Tamboxem,626645,1200.0,254514,"Tamboxem, Mopa, Uguem",30,Goa
551,North Goa,585.0,1.0,5609,Pernem,5609.0,1.0,626635,Tiracol,626635,100.0,254426,Keri Terecol,30,Goa
551,North Goa,585.0,1.0,5609,Pernem,5609.0,1.0,626646,Torxem,626646,1300.0,254518,Torxem,30,Goa
551,North Goa,585.0,1.0,5609,Pernem,5609.0,1.0,626655,Tuem,626655,2200.0,254519,Tuem,30,Goa
551,North Goa,585.0,1.0,5609,Pernem,5609.0,1.0,626644,Uguem,626644,1100.0,254514,"Tamboxem, Mopa, Uguem",30,Goa
551,North Goa,585.0,1.0,5609,Pernem,5609.0,1.0,626642,Varconda,626642,900.0,254524,Varkhand Nagzar,30,Goa
551,North Goa,585.0,1.0,5609,Pernem,5609.0,1.0,626654,Virnora,626654,2100.0,254533,Virnoda,30,Goa
551,North Goa,585.0,1.0,5613,Satari,5613.0,5.0,626825,Advoi,626825,16900.0,254375,Birondem,30,Goa
551,North Goa,585.0,1.0,5613,Satari,5613.0,5.0,626803,Ambedem,626803,14700.0,254451,Nagargao,30,Goa
551,North Goa,585.0,1.0,5613,Satari,5613.0,5.0,626839,Ambeli,626839,18300.0,254401,Cotodem,30,Goa
551,North Goa,585.0,1.0,5613,Satari,5613.0,5.0,626770,Anjunem,626770,11300.0,254479,Querim,30,Goa
551,North Goa,585.0,1.0,5613,Satari,5613.0,5.0,626814,Ansolem,626814,15800.0,254375,Birondem,30,Goa
551,North Goa,585.0,1.0,5613,Satari,5613.0,5.0,626836,Assodem,626836,18000.0,254401,Cotodem,30,Goa
551,North Goa,585.0,1.0,5613,Satari,5613.0,5.0,626830,Birondem,626830,17400.0,254375,Birondem,30,Goa
551,North Goa,585.0,1.0,5613,Satari,5613.0,5.0,626802,Bombedem,626802,14600.0,254451,Nagargao,30,Goa
551,North Goa,585.0,1.0,5613,Satari,5613.0,5.0,626807,Buimpal,626807,15100.0,254421,Honda,30,Goa
551,North Goa,585.0,1.0,5613,Satari,5613.0,5.0,626793,Carambolim- Brama,626793,13700.0,254451,Nagargao,30,Goa
551,North Goa,585.0,1.0,5613,Satari,5613.0,5.0,626821,Carambolim-Buzruco,626821,16500.0,254492,Sanvordem,30,Goa
551,North Goa,585.0,1.0,5613,Satari,5613.0,5.0,626820,Caranzol,626820,16400.0,254492,Sanvordem,30,Goa
551,North Goa,585.0,1.0,5613,Satari,5613.0,5.0,626773,Choraundem,626773,11600.0,254412,Dongurli-Thane,30,Goa
551,North Goa,585.0,1.0,5613,Satari,5613.0,5.0,626780,Codal,626780,12300.0,254451,Nagargao,30,Goa
551,North Goa,585.0,1.0,5613,Satari,5613.0,5.0,626812,Codiem,626812,15600.0,254474,Pissurlem,30,Goa
551,North Goa,585.0,1.0,5613,Satari,5613.0,5.0,626823,Codqui,626823,16700.0,254401,Cotodem,30,Goa
551,North Goa,585.0,1.0,5613,Satari,5613.0,5.0,626818,Codvol,626818,16200.0,254492,Sanvordem,30,Goa
551,North Goa,585.0,1.0,5613,Satari,5613.0,5.0,626790,Compordem,626790,13400.0,254438,Mauxi,30,Goa
551,North Goa,585.0,1.0,5613,Satari,5613.0,5.0,626841,Conquirem,626841,18500.0,254420,Guleli,30,Goa
551,North Goa,585.0,1.0,5613,Satari,5613.0,5.0,626832,Cotorem,626832,17600.0,254401,Cotodem,30,Goa
551,North Goa,585.0,1.0,5613,Satari,5613.0,5.0,626815,Cudcem,626815,15900.0,254492,Sanvordem,30,Goa
551,North Goa,585.0,1.0,5613,Satari,5613.0,5.0,626808,Cumarconda,626808,15200.0,254474,Pissurlem,30,Goa
551,North Goa,585.0,1.0,5613,Satari,5613.0,5.0,626789,Dabem,626789,13300.0,254438,Mauxi,30,Goa
551,North Goa,585.0,1.0,5613,Satari,5613.0,5.0,626831,Damocem,626831,17500.0,254420,Guleli,30,Goa
551,North Goa,585.0,1.0,5613,Satari,5613.0,5.0,626801,Davem,626801,14500.0,254451,Nagargao,30,Goa
551,North Goa,585.0,1.0,5613,Satari,5613.0,5.0,626779,Derodem,626779,12200.0,254451,Nagargao,30,Goa
551,North Goa,585.0,1.0,5613,Satari,5613.0,5.0,626782,Dongurli,626782,12500.0,254412,Dongurli-Thane,30,Goa
551,North Goa,585.0,1.0,5613,Satari,5613.0,5.0,626791,Edorem,626791,13500.0,254451,Nagargao,30,Goa
551,North Goa,585.0,1.0,5613,Satari,5613.0,5.0,626776,Golauli,626776,11900.0,254412,Dongurli-Thane,30,Goa
551,North Goa,585.0,1.0,5613,Satari,5613.0,5.0,626768,Gonteli,626768,11100.0,254479,Querim,30,Goa
551,North Goa,585.0,1.0,5613,Satari,5613.0,5.0,626837,Govanem,626837,18100.0,254401,Cotodem,30,Goa
551,North Goa,585.0,1.0,5613,Satari,5613.0,5.0,626828,Guleli,626828,17200.0,254420,Guleli,30,Goa
551,North Goa,585.0,1.0,5613,Satari,5613.0,5.0,626784,Gululem,626784,12700.0,254479,Querim,30,Goa
551,North Goa,585.0,1.0,5613,Satari,5613.0,5.0,626774,Ivrem-Buzruco,626774,11700.0,254412,Dongurli-Thane,30,Goa
551,North Goa,585.0,1.0,5613,Satari,5613.0,5.0,626775,Ivrem-Curdo,626775,11800.0,254412,Dongurli-Thane,30,Goa
551,North Goa,585.0,1.0,5613,Satari,5613.0,5.0,626796,Maloli,626796,14000.0,254451,Nagargao,30,Goa
551,North Goa,585.0,1.0,5613,Satari,5613.0,5.0,626838,Malpona,626838,18200.0,254401,Cotodem,30,Goa
551,North Goa,585.0,1.0,5613,Satari,5613.0,5.0,924819,Massordem,0,,,,30,Goa
551,North Goa,585.0,1.0,5613,Satari,5613.0,5.0,626806,Mauxi,626806,15000.0,254438,Mauxi,30,Goa
551,North Goa,585.0,1.0,5613,Satari,5613.0,5.0,626840,Melauli,626840,18400.0,254420,Guleli,30,Goa
551,North Goa,585.0,1.0,5613,Satari,5613.0,5.0,626786,Morlem,626786,12900.0,254446,Morlem,30,Goa
551,North Goa,585.0,1.0,5613,Satari,5613.0,5.0,626804,Nagargao,626804,14800.0,254451,Nagargao,30,Goa
551,North Goa,585.0,1.0,5613,Satari,5613.0,5.0,626813,Naguem,626813,15700.0,254438,Mauxi,30,Goa
551,North Goa,585.0,1.0,5613,Satari,5613.0,5.0,626792,Naneli,626792,13600.0,254412,Dongurli-Thane,30,Goa
551,North Goa,585.0,1.0,5613,Satari,5613.0,5.0,626797,Nanorem,626797,14100.0,254451,Nagargao,30,Goa
551,North Goa,585.0,1.0,5613,Satari,5613.0,5.0,924821,Nanus,0,,,,30,Goa
551,North Goa,585.0,1.0,5613,Satari,5613.0,5.0,626842,Onda (Ct),626842,13000.0,254421,Honda,30,Goa
551,North Goa,585.0,1.0,5613,Satari,5613.0,5.0,626829,Padeli,626829,17300.0,254375,Birondem,30,Goa
551,North Goa,585.0,1.0,5613,Satari,5613.0,5.0,626783,Pale,626783,12600.0,254412,Dongurli-Thane,30,Goa
551,North Goa,585.0,1.0,5613,Satari,5613.0,5.0,626819,Pendral,626819,16300.0,254492,Sanvordem,30,Goa
551,North Goa,585.0,1.0,5613,Satari,5613.0,5.0,626809,Pissurlem,626809,15300.0,254474,Pissurlem,30,Goa
551,North Goa,585.0,1.0,5613,Satari,5613.0,5.0,626765,Podocem,626765,10800.0,254477,Poriem,30,Goa
551,North Goa,585.0,1.0,5613,Satari,5613.0,5.0,626826,Ponocem,626826,17000.0,254474,Pissurlem,30,Goa
551,North Goa,585.0,1.0,5613,Satari,5613.0,5.0,626772,Ponsuli,626772,11500.0,254479,Querim,30,Goa
551,North Goa,585.0,1.0,5613,Satari,5613.0,5.0,626766,Poriem,626766,10900.0,254477,Poriem,30,Goa
551,North Goa,585.0,1.0,5613,Satari,5613.0,5.0,626771,Quelaudem,626771,11400.0,254479,Querim,30,Goa
551,North Goa,585.0,1.0,5613,Satari,5613.0,5.0,626785,Querim,626785,12800.0,254479,Querim,30,Goa
551,North Goa,585.0,1.0,5613,Satari,5613.0,5.0,626767,Ravona,626767,11000.0,254479,Querim,30,Goa
551,North Goa,585.0,1.0,5613,Satari,5613.0,5.0,626781,Rivem,626781,12400.0,254412,Dongurli-Thane,30,Goa
551,North Goa,585.0,1.0,5613,Satari,5613.0,5.0,626787,Saleli,626787,13100.0,254421,Honda,30,Goa
551,North Goa,585.0,1.0,5613,Satari,5613.0,5.0,626824,Sanvorcem,626824,16800.0,254375,Birondem,30,Goa
551,North Goa,585.0,1.0,5613,Satari,5613.0,5.0,626816,Sanvordem,626816,16000.0,254492,Sanvordem,30,Goa
551,North Goa,585.0,1.0,5613,Satari,5613.0,5.0,626805,Satorem,626805,14900.0,254451,Nagargao,30,Goa
551,North Goa,585.0,1.0,5613,Satari,5613.0,5.0,626778,Satrem,626778,12100.0,254451,Nagargao,30,Goa
551,North Goa,585.0,1.0,5613,Satari,5613.0,5.0,626795,Sigonem,626795,13900.0,254451,Nagargao,30,Goa
551,North Goa,585.0,1.0,5613,Satari,5613.0,5.0,626834,Siranguli,626834,17800.0,254401,Cotodem,30,Goa
551,North Goa,585.0,1.0,5613,Satari,5613.0,5.0,626769,Siroli,626769,11200.0,254479,Querim,30,Goa
551,North Goa,585.0,1.0,5613,Satari,5613.0,5.0,626835,Sirsodem,626835,17900.0,254401,Cotodem,30,Goa
551,North Goa,585.0,1.0,5613,Satari,5613.0,5.0,626817,Sonal,626817,16100.0,254492,Sanvordem,30,Goa
551,North Goa,585.0,1.0,5613,Satari,5613.0,5.0,626810,Sonus-Vonvoliem,626810,15400.0,254421,Honda,30,Goa
551,North Goa,585.0,1.0,5613,Satari,5613.0,5.0,626777,Surla,626777,12000.0,254412,Dongurli-Thane,30,Goa
551,North Goa,585.0,1.0,5613,Satari,5613.0,5.0,626800,Ustem,626800,14400.0,254451,Nagargao,30,Goa
551,North Goa,585.0,1.0,5613,Satari,5613.0,5.0,626811,Vaguriem,626811,15500.0,254474,Pissurlem,30,Goa
551,North Goa,585.0,1.0,5613,Satari,5613.0,5.0,626798,Vainguinim,626798,14200.0,254451,Nagargao,30,Goa
551,North Goa,585.0,1.0,5613,Satari,5613.0,5.0,945833,Valpoi,0,,,,30,Goa
551,North Goa,585.0,1.0,5613,Satari,5613.0,5.0,626827,Vantem,626827,17100.0,254375,Birondem,30,Goa
551,North Goa,585.0,1.0,5613,Satari,5613.0,5.0,626822,Velguem,626822,16600.0,254401,Cotodem,30,Goa
551,North Goa,585.0,1.0,5613,Satari,5613.0,5.0,924825,Velus,0,,,,30,Goa
551,North Goa,585.0,1.0,5613,Satari,5613.0,5.0,626794,Xelopo-Buzruco,626794,13800.0,254451,Nagargao,30,Goa
551,North Goa,585.0,1.0,5613,Satari,5613.0,5.0,626833,Xelopo-Curdo,626833,17700.0,254401,Cotodem,30,Goa
551,North Goa,585.0,1.0,5613,Satari,5613.0,5.0,626799,Zarani,626799,14300.0,254451,Nagargao,30,Goa
551,North Goa,585.0,1.0,5613,Satari,5613.0,5.0,626788,Zormen,626788,13200.0,254438,Mauxi,30,Goa
551,North Goa,585.0,1.0,5611,Tiswadi,5611.0,3.0,626705,Ambarim,626705,6000.0,254392,Chodan-Madel,30,Goa
551,North Goa,585.0,1.0,5611,Tiswadi,5611.0,3.0,626719,Azossim,626719,7700.0,254363,Azossim-Mandur,30,Goa
551,North Goa,585.0,1.0,5611,Tiswadi,5611.0,3.0,626715,Bainguinim,626715,7300.0,254496,Se-Old-Goa,30,Goa
551,North Goa,585.0,1.0,5611,Tiswadi,5611.0,3.0,626733,Bambolim (Ct),626733,40122000.0,254405,"Curca, Bambolim, Talaulim",30,Goa
551,North Goa,585.0,1.0,5611,Tiswadi,5611.0,3.0,626722,Batim,626722,8000.0,254368,Batim,30,Goa
551,North Goa,585.0,1.0,5611,Tiswadi,5611.0,3.0,626732,Calapor (Ct),626732,40121000.0,254508,St. Cruz,30,Goa
551,North Goa,585.0,1.0,5611,Tiswadi,5611.0,3.0,626708,Capao,626708,6300.0,254494,Sao Matias,30,Goa
551,North Goa,585.0,1.0,5611,Tiswadi,5611.0,3.0,626707,Caraim,626707,6200.0,254392,Chodan-Madel,30,Goa
551,North Goa,585.0,1.0,5611,Tiswadi,5611.0,3.0,626718,Carambolim,626718,7600.0,254381,Carambolim,30,Goa
551,North Goa,585.0,1.0,5611,Tiswadi,5611.0,3.0,626730,Chimbel (Ct),626730,40119000.0,254390,Chimbel,30,Goa
551,North Goa,585.0,1.0,5611,Tiswadi,5611.0,3.0,626706,Chorao,626706,6100.0,254392,Chodan-Madel,30,Goa
551,North Goa,585.0,1.0,5611,Tiswadi,5611.0,3.0,626729,Corlim (Ct),626729,7100.0,254398,Corlim,30,Goa
551,North Goa,585.0,1.0,5611,Tiswadi,5611.0,3.0,626740,Cujira (Og),626740,40120000.0,254508,St. Cruz,30,Goa
551,North Goa,585.0,1.0,5611,Tiswadi,5611.0,3.0,626728,Cumbarjua (Ct),626728,6900.0,254404,Cumbharjua,30,Goa
551,North Goa,585.0,1.0,5611,Tiswadi,5611.0,3.0,626723,Curca,626723,8100.0,254405,"Curca, Bambolim, Talaulim",30,Goa
551,North Goa,585.0,1.0,5611,Tiswadi,5611.0,3.0,645599,Durgavado,645599,,254513,Taleigao,30,Goa
551,North Goa,585.0,1.0,5611,Tiswadi,5611.0,3.0,626714,Ella,626714,7200.0,254496,Se-Old-Goa,30,Goa
551,North Goa,585.0,1.0,5611,Tiswadi,5611.0,3.0,626721,Gancim,626721,7900.0,254368,Batim,30,Goa
551,North Goa,585.0,1.0,5611,Tiswadi,5611.0,3.0,626713,Gandaulim,626713,7000.0,254404,Cumbharjua,30,Goa
551,North Goa,585.0,1.0,5611,Tiswadi,5611.0,3.0,626717,Goalim-Moula,626717,7500.0,254405,"Curca, Bambolim, Talaulim",30,Goa
551,North Goa,585.0,1.0,5611,Tiswadi,5611.0,3.0,626734,Goa-Velha,626734,40123000.0,254507,St. Andre,30,Goa
551,North Goa,585.0,1.0,5611,Tiswadi,5611.0,3.0,626710,Goltim,626710,6500.0,254417,Goltim-Navelim,30,Goa
551,North Goa,585.0,1.0,5611,Tiswadi,5611.0,3.0,626727,Jua (Ct),626727,6800.0,254509,St. Estevam,30,Goa
551,North Goa,585.0,1.0,5611,Tiswadi,5611.0,3.0,626711,Malar,626711,6600.0,254494,Sao Matias,30,Goa
551,North Goa,585.0,1.0,5611,Tiswadi,5611.0,3.0,626720,Mandur,626720,7800.0,254363,Azossim-Mandur,30,Goa
551,North Goa,585.0,1.0,5611,Tiswadi,5611.0,3.0,626735,Mercurim (Ct),626735,8500.0,254493,Sao Lourence(Agassaim),30,Goa
551,North Goa,585.0,1.0,5611,Tiswadi,5611.0,3.0,626737,Morambi-O-Grande (Merces),626737,40120000.0,254390,Chimbel,30,Goa
551,North Goa,585.0,1.0,5611,Tiswadi,5611.0,3.0,626737,Morambi-O-Grande (Merces),626737,40120000.0,254441,Merces,30,Goa
551,North Goa,585.0,1.0,5611,Tiswadi,5611.0,3.0,626739,Morambi-O-Pequeno (Merces),626739,40120000.0,254441,Merces,30,Goa
551,North Goa,585.0,1.0,5611,Tiswadi,5611.0,3.0,626731,Murda (Ct),626731,40120000.0,254441,Merces,30,Goa
551,North Goa,585.0,1.0,5611,Tiswadi,5611.0,3.0,626712,Naroa,626712,6700.0,254494,Sao Matias,30,Goa
551,North Goa,585.0,1.0,5611,Tiswadi,5611.0,3.0,626709,Navelim,626709,6400.0,254417,Goltim-Navelim,30,Goa
551,North Goa,585.0,1.0,5611,Tiswadi,5611.0,3.0,626726,Neura-O-Grande,626726,8400.0,254459,Neura,30,Goa
551,North Goa,585.0,1.0,5611,Tiswadi,5611.0,3.0,626725,Neura-O-Pequeno,626725,8300.0,254459,Neura,30,Goa
551,North Goa,585.0,1.0,5611,Tiswadi,5611.0,3.0,945834,Panaji,0,,,,30,Goa
551,North Goa,585.0,1.0,5611,Tiswadi,5611.0,3.0,626736,Panelim (Og),626736,40120000.0,254496,Se-Old-Goa,30,Goa
551,North Goa,585.0,1.0,5611,Tiswadi,5611.0,3.0,626738,Renovadi (Og),626738,40120000.0,254441,Merces,30,Goa
551,North Goa,585.0,1.0,5611,Tiswadi,5611.0,3.0,626724,Siridao,626724,8200.0,254502,Siridao-Pale,30,Goa
551,North Goa,585.0,1.0,5611,Tiswadi,5611.0,3.0,626716,Talaulim,626716,7400.0,254405,"Curca, Bambolim, Talaulim",30,Goa
551,North Goa,585.0,1.0,5611,Tiswadi,5611.0,3.0,645598,Taleigao,645598,,254513,Taleigao,30,Goa
552,South Goa,586.0,2.0,5619,Canacona,5619.0,5.0,627023,Agonda,627023,35300.0,254348,Agonda,30,Goa
552,South Goa,586.0,2.0,5619,Canacona,5619.0,5.0,627029,Angediva,627029,35900.0,254431,Loliem-Polem,30,Goa
552,South Goa,586.0,2.0,5619,Canacona,5619.0,5.0,627024,Canacona,627024,35400.0,254499,Shristhal,30,Goa
552,South Goa,586.0,2.0,5619,Canacona,5619.0,5.0,924816,Chaudi,0,,,,30,Goa
552,South Goa,586.0,2.0,5619,Canacona,5619.0,5.0,627022,Cola,627022,35200.0,254393,Cola,30,Goa
552,South Goa,586.0,2.0,5619,Canacona,5619.0,5.0,627028,Cotigao,627028,35800.0,254400,Cotigao,30,Goa
552,South Goa,586.0,2.0,5619,Canacona,5619.0,5.0,627025,Gaodongrem,627025,35500.0,254416,Gaondongri,30,Goa
552,South Goa,586.0,2.0,5619,Canacona,5619.0,5.0,627027,Loliem,627027,35700.0,254431,Loliem-Polem,30,Goa
552,South Goa,586.0,2.0,5619,Canacona,5619.0,5.0,924820,Nagorcem - Palolem,0,,,,30,Goa
552,South Goa,586.0,2.0,5619,Canacona,5619.0,5.0,627026,Poinguinim,627026,35600.0,254475,Poinguinim,30,Goa
552,South Goa,586.0,2.0,5931,Dharbandora,0.0,,626973,Aglote,626973,30400.0,254489,Sancordem,30,Goa
552,South Goa,586.0,2.0,5931,Dharbandora,0.0,,626984,Bandoli,626984,31500.0,254428,Kirlapal-Dabhal,30,Goa
552,South Goa,586.0,2.0,5931,Dharbandora,0.0,,626982,Camarconda,626982,31300.0,254428,Kirlapal-Dabhal,30,Goa
552,South Goa,586.0,2.0,5931,Dharbandora,0.0,,626976,Caranzol,626976,30700.0,254394,Colem,30,Goa
552,South Goa,586.0,2.0,5931,Dharbandora,0.0,,626981,Codli,626981,31200.0,254428,Kirlapal-Dabhal,30,Goa
552,South Goa,586.0,2.0,5931,Dharbandora,0.0,,626977,Colem,626977,30800.0,254394,Colem,30,Goa
552,South Goa,586.0,2.0,5931,Dharbandora,0.0,,626980,Cormonem,626980,31100.0,254428,Kirlapal-Dabhal,30,Goa
552,South Goa,586.0,2.0,5931,Dharbandora,0.0,,626971,Darbandora,626971,30200.0,254410,Dharbandora,30,Goa
552,South Goa,586.0,2.0,5931,Dharbandora,0.0,,626983,Moissal,626983,31400.0,254428,Kirlapal-Dabhal,30,Goa
552,South Goa,586.0,2.0,5931,Dharbandora,0.0,,626975,Molem,626975,30600.0,254444,Mollem,30,Goa
552,South Goa,586.0,2.0,5931,Dharbandora,0.0,,626970,Piliem,626970,30100.0,254410,Dharbandora,30,Goa
552,South Goa,586.0,2.0,5931,Dharbandora,0.0,,626972,Sancordem,626972,30300.0,254489,Sancordem,30,Goa
552,South Goa,586.0,2.0,5931,Dharbandora,0.0,,626979,Sangod,626979,31000.0,254444,Mollem,30,Goa
552,South Goa,586.0,2.0,5931,Dharbandora,0.0,,626978,Sigao,626978,30900.0,254394,Colem,30,Goa
552,South Goa,586.0,2.0,5931,Dharbandora,0.0,,626989,Sonauli,626989,32000.0,254394,Colem,30,Goa
552,South Goa,586.0,2.0,5931,Dharbandora,0.0,,626974,Surla,626974,30500.0,254489,Sancordem,30,Goa
552,South Goa,586.0,2.0,5615,Mormugao,5615.0,1.0,626884,Arossim,626884,22500.0,254403,Cansaulim-Arossim-Cuelim,30,Goa
552,South Goa,586.0,2.0,5615,Mormugao,5615.0,1.0,626883,Cansaulim,626883,22400.0,254403,Cansaulim-Arossim-Cuelim,30,Goa
552,South Goa,586.0,2.0,5615,Mormugao,5615.0,1.0,626885,Chicalim (Ct),626885,40202000.0,254388,Chicalim,30,Goa
552,South Goa,586.0,2.0,5615,Mormugao,5615.0,1.0,626880,Chicolna,626880,22100.0,254389,Chicolna-Bogmalo,30,Goa
552,South Goa,586.0,2.0,5615,Mormugao,5615.0,1.0,626887,Cortalim (Ct),626887,21600.0,254399,Cortalim,30,Goa
552,South Goa,586.0,2.0,5615,Mormugao,5615.0,1.0,626877,Cuelim,626877,21800.0,254403,Cansaulim-Arossim-Cuelim,30,Goa
552,South Goa,586.0,2.0,5615,Mormugao,5615.0,1.0,626874,Dabolim,626874,21400.0,254388,Chicalim,30,Goa
552,South Goa,586.0,2.0,5615,Mormugao,5615.0,1.0,626879,Issorcim,626879,22000.0,254528,Velsao-Pale,30,Goa
552,South Goa,586.0,2.0,5615,Mormugao,5615.0,1.0,945837,Mormugao Port,0,,,,30,Goa
552,South Goa,586.0,2.0,5615,Mormugao,5615.0,1.0,626878,Pale,626878,21900.0,254528,Velsao-Pale,30,Goa
552,South Goa,586.0,2.0,5615,Mormugao,5615.0,1.0,626876,Quelossim,626876,21700.0,276388,Quelossim,30,Goa
552,South Goa,586.0,2.0,5615,Mormugao,5615.0,1.0,945839,Sambhaji,0,,,,30,Goa
552,South Goa,586.0,2.0,5615,Mormugao,5615.0,1.0,626886,Sancoale (Ct),626886,40203000.0,254488,Sancoale,30,Goa
552,South Goa,586.0,2.0,5615,Mormugao,5615.0,1.0,626875,Sao Jacinto Island,626875,21500.0,254388,Chicalim,30,Goa
552,South Goa,586.0,2.0,5615,Mormugao,5615.0,1.0,626881,Sao Jorge Island,626881,22200.0,254388,Chicalim,30,Goa
552,South Goa,586.0,2.0,5615,Mormugao,5615.0,1.0,945838,Vadem,0,,,,30,Goa
552,South Goa,586.0,2.0,5615,Mormugao,5615.0,1.0,626882,Velsao,626882,22300.0,254528,Velsao-Pale,30,Goa
552,South Goa,586.0,2.0,5614,Ponda,5614.0,6.0,626847,Adcolna,626847,19200.0,254374,Bhoma-Adcolna,30,Goa
552,South Goa,586.0,2.0,5614,Ponda,5614.0,6.0,626869,Bandora (Ct),626869,40124000.0,254365,Bandora,30,Goa
552,South Goa,586.0,2.0,5614,Ponda,5614.0,6.0,626859,Betora,626859,20700.0,254371,Betora-Nirancal,30,Goa
552,South Goa,586.0,2.0,5614,Ponda,5614.0,6.0,626844,Betqui,626844,18900.0,254372,"Betqui, Candola",30,Goa
552,South Goa,586.0,2.0,5614,Ponda,5614.0,6.0,626848,Boma,626848,19300.0,254374,Bhoma-Adcolna,30,Goa
552,South Goa,586.0,2.0,5614,Ponda,5614.0,6.0,626872,Borim (Ct),626872,21100.0,254376,Borim,30,Goa
552,South Goa,586.0,2.0,5614,Ponda,5614.0,6.0,626853,Candepar,626853,19900.0,254407,Curti-Khandepar,30,Goa
552,South Goa,586.0,2.0,5614,Ponda,5614.0,6.0,626865,Candola (Ct),626865,18600.0,254372,"Betqui, Candola",30,Goa
552,South Goa,586.0,2.0,5614,Ponda,5614.0,6.0,626860,Codar,626860,20800.0,254371,Betora-Nirancal,30,Goa
552,South Goa,586.0,2.0,5614,Ponda,5614.0,6.0,626862,Conxem,626862,21000.0,254371,Betora-Nirancal,30,Goa
552,South Goa,586.0,2.0,5614,Ponda,5614.0,6.0,626849,Cuncoliem,626849,19400.0,254527,Veling-Priol,30,Goa
552,South Goa,586.0,2.0,5614,Ponda,5614.0,6.0,626855,Cundaim,626855,20200.0,254429,Kundaim,30,Goa
552,South Goa,586.0,2.0,5614,Ponda,5614.0,6.0,626870,Curti (Ct),626870,40127000.0,254407,Curti-Khandepar,30,Goa
552,South Goa,586.0,2.0,5614,Ponda,5614.0,6.0,626856,Durbhat,626856,20400.0,254414,Durbhat,30,Goa
552,South Goa,586.0,2.0,5614,Ponda,5614.0,6.0,626852,Gangem,626852,19700.0,254522,Usgao-Ganjem,30,Goa
552,South Goa,586.0,2.0,5614,Ponda,5614.0,6.0,626867,Marcaim (Ct),626867,20300.0,254436,Marcaim,30,Goa
552,South Goa,586.0,2.0,5614,Ponda,5614.0,6.0,626861,Nirancal,626861,20900.0,254371,Betora-Nirancal,30,Goa
552,South Goa,586.0,2.0,5614,Ponda,5614.0,6.0,626866,Orgao (Ct),626866,18700.0,254517,Tivrem-Orgao,30,Goa
552,South Goa,586.0,2.0,5614,Ponda,5614.0,6.0,626864,Ponchavadi,626864,21300.0,254466,Panchawadi,30,Goa
552,South Goa,586.0,2.0,5614,Ponda,5614.0,6.0,945835,Ponda,0,,,,30,Goa
552,South Goa,586.0,2.0,5614,Ponda,5614.0,6.0,626868,Priol (Ct),626868,20000.0,254527,Veling-Priol,30,Goa
552,South Goa,586.0,2.0,5614,Ponda,5614.0,6.0,626850,Querim,626850,19500.0,254427,Querim,30,Goa
552,South Goa,586.0,2.0,5614,Ponda,5614.0,6.0,626871,Queula,626871,40125000.0,254478,Quela,30,Goa
552,South Goa,586.0,2.0,5614,Ponda,5614.0,6.0,626846,Savoi-Verem,626846,19100.0,254530,Verem-Vaghurme,30,Goa
552,South Goa,586.0,2.0,5614,Ponda,5614.0,6.0,626863,Shiroda,626863,21200.0,254498,Shiroda,30,Goa
552,South Goa,586.0,2.0,5614,Ponda,5614.0,6.0,626857,Telaulim,626857,20500.0,254512,Vadi Talaulim,30,Goa
552,South Goa,586.0,2.0,5614,Ponda,5614.0,6.0,626843,Tivrem,626843,18800.0,254517,Tivrem-Orgao,30,Goa
552,South Goa,586.0,2.0,5614,Ponda,5614.0,6.0,626873,Usgao (Ct),626873,19800.0,254522,Usgao-Ganjem,30,Goa
552,South Goa,586.0,2.0,5614,Ponda,5614.0,6.0,626858,Vadi,626858,20600.0,254512,Vadi Talaulim,30,Goa
552,South Goa,586.0,2.0,5614,Ponda,5614.0,6.0,626851,Vagurbem,626851,19600.0,254530,Verem-Vaghurme,30,Goa
552,South Goa,586.0,2.0,5614,Ponda,5614.0,6.0,626854,Velinga,626854,20100.0,254527,Veling-Priol,30,Goa
552,South Goa,586.0,2.0,5614,Ponda,5614.0,6.0,626845,Volvoi,626845,19000.0,254534,Volvoi,30,Goa
552,South Goa,586.0,2.0,5617,Quepem,5617.0,3.0,626948,Adnem,626948,28000.0,254364,Balli-Adnem,30,Goa
552,South Goa,586.0,2.0,5617,Quepem,5617.0,3.0,626947,Ambaulim,626947,27900.0,254351,Ambaulim,30,Goa
552,South Goa,586.0,2.0,5617,Quepem,5617.0,3.0,910339,Amona,0,,,,30,Goa
552,South Goa,586.0,2.0,5617,Quepem,5617.0,3.0,626934,Assolda,626934,26500.0,254360,Assolda,30,Goa
552,South Goa,586.0,2.0,5617,Quepem,5617.0,3.0,626939,Avedem,626939,27100.0,254362,Avedem-Cotombi,30,Goa
552,South Goa,586.0,2.0,5617,Quepem,5617.0,3.0,626949,Bali,626949,28100.0,254364,Balli-Adnem,30,Goa
552,South Goa,586.0,2.0,5617,Quepem,5617.0,3.0,626961,Barcem,626961,29300.0,254366,Barcem,30,Goa
552,South Goa,586.0,2.0,5617,Quepem,5617.0,3.0,626955,Bendordem,626955,28700.0,254364,Balli-Adnem,30,Goa
552,South Goa,586.0,2.0,5617,Quepem,5617.0,3.0,924815,Cacora,0,,,,30,Goa
552,South Goa,586.0,2.0,5617,Quepem,5617.0,3.0,626956,Cavorem,626956,28800.0,254384,Caurem,30,Goa
552,South Goa,586.0,2.0,5617,Quepem,5617.0,3.0,626967,Cazur,626967,29900.0,254384,Caurem,30,Goa
552,South Goa,586.0,2.0,5617,Quepem,5617.0,3.0,626940,Chaifi,626940,27200.0,254362,Avedem-Cotombi,30,Goa
552,South Goa,586.0,2.0,5617,Quepem,5617.0,3.0,626958,Cordem,626958,29000.0,254364,Balli-Adnem,30,Goa
552,South Goa,586.0,2.0,5617,Quepem,5617.0,3.0,626966,Corla,626966,29800.0,254384,Caurem,30,Goa
552,South Goa,586.0,2.0,5617,Quepem,5617.0,3.0,626938,Cotombi,626938,27000.0,254362,Avedem-Cotombi,30,Goa
552,South Goa,586.0,2.0,5617,Quepem,5617.0,3.0,945840,Curchorem,0,,,,30,Goa
552,South Goa,586.0,2.0,5617,Quepem,5617.0,3.0,910340,Cusmane,0,,,,30,Goa
552,South Goa,586.0,2.0,5617,Quepem,5617.0,3.0,924817,Deao,0,,,,30,Goa
552,South Goa,586.0,2.0,5617,Quepem,5617.0,3.0,626950,Fatorpa,626950,28200.0,254415,Fatorpa-Quitol,30,Goa
552,South Goa,586.0,2.0,5617,Quepem,5617.0,3.0,626962,Goculdem,626962,29400.0,254366,Barcem,30,Goa
552,South Goa,586.0,2.0,5617,Quepem,5617.0,3.0,626937,Hodar,626937,26800.0,254360,Assolda,30,Goa
552,South Goa,586.0,2.0,5617,Quepem,5617.0,3.0,626957,Maina,626957,28900.0,254384,Caurem,30,Goa
552,South Goa,586.0,2.0,5617,Quepem,5617.0,3.0,626968,Mangal,626968,30000.0,254384,Caurem,30,Goa
552,South Goa,586.0,2.0,5617,Quepem,5617.0,3.0,626945,Molcopona,626945,27700.0,254443,Molcornem,30,Goa
552,South Goa,586.0,2.0,5617,Quepem,5617.0,3.0,626946,Molcornem,626946,27800.0,254443,Molcornem,30,Goa
552,South Goa,586.0,2.0,5617,Quepem,5617.0,3.0,626953,Morpirla,626953,28500.0,254447,Morpirla,30,Goa
552,South Goa,586.0,2.0,5617,Quepem,5617.0,3.0,626942,Nagvem,626942,27400.0,254443,Molcornem,30,Goa
552,South Goa,586.0,2.0,5617,Quepem,5617.0,3.0,626952,Naqueri,626952,28400.0,254453,Naqueri-Betul,30,Goa
552,South Goa,586.0,2.0,5617,Quepem,5617.0,3.0,626959,Padi,626959,29100.0,254366,Barcem,30,Goa
552,South Goa,586.0,2.0,5617,Quepem,5617.0,3.0,626964,Pirla,626964,29600.0,254384,Caurem,30,Goa
552,South Goa,586.0,2.0,5617,Quepem,5617.0,3.0,626960,Quedem,626960,29200.0,254366,Barcem,30,Goa
552,South Goa,586.0,2.0,5617,Quepem,5617.0,3.0,945841,Quepem,0,,,,30,Goa
552,South Goa,586.0,2.0,5617,Quepem,5617.0,3.0,626963,Quisconda,626963,29500.0,254366,Barcem,30,Goa
552,South Goa,586.0,2.0,5617,Quepem,5617.0,3.0,626951,Quitol,626951,28300.0,254453,Naqueri-Betul,30,Goa
552,South Goa,586.0,2.0,5617,Quepem,5617.0,3.0,626941,Sirvoi,626941,27300.0,254535,Xeldem,30,Goa
552,South Goa,586.0,2.0,5617,Quepem,5617.0,3.0,626965,Sulcorna,626965,29700.0,254384,Caurem,30,Goa
552,South Goa,586.0,2.0,5617,Quepem,5617.0,3.0,626954,Tiloi,626954,28600.0,254364,Balli-Adnem,30,Goa
552,South Goa,586.0,2.0,5617,Quepem,5617.0,3.0,626944,Undorna,626944,27600.0,254443,Molcornem,30,Goa
552,South Goa,586.0,2.0,5617,Quepem,5617.0,3.0,626969,Xeldem (Ct),626969,26900.0,254535,Xeldem,30,Goa
552,South Goa,586.0,2.0,5617,Quepem,5617.0,3.0,626936,Xelvona,626936,26700.0,254360,Assolda,30,Goa
552,South Goa,586.0,2.0,5617,Quepem,5617.0,3.0,626935,Xic-Xelvona,626935,26600.0,254360,Assolda,30,Goa
552,South Goa,586.0,2.0,5617,Quepem,5617.0,3.0,626943,Zanodem,626943,27500.0,254443,Molcornem,30,Goa
552,South Goa,586.0,2.0,5616,Salcete,5616.0,2.0,626906,Adsulim,626906,24800.0,254369,Benaulim,30,Goa
552,South Goa,586.0,2.0,5616,Salcete,5616.0,2.0,626922,Ambelim,626922,26400.0,254352,Ambelim,30,Goa
552,South Goa,586.0,2.0,5616,Salcete,5616.0,2.0,626929,Aquem-Baixo,626929,40208000.0,254355,Aquem Baixo,30,Goa
552,South Goa,586.0,2.0,5616,Salcete,5616.0,2.0,626919,Assolna,626919,26100.0,254361,Assolna,30,Goa
552,South Goa,586.0,2.0,5616,Salcete,5616.0,2.0,626931,Benaulim (Ct),626931,40205000.0,254369,Benaulim,30,Goa
552,South Goa,586.0,2.0,5616,Salcete,5616.0,2.0,626895,Betalbatim,626895,23500.0,254370,Betalbatim,30,Goa
552,South Goa,586.0,2.0,5616,Salcete,5616.0,2.0,626891,Calata,626891,23100.0,254434,Majorda,30,Goa
552,South Goa,586.0,2.0,5616,Salcete,5616.0,2.0,626890,Camurlim,626890,22900.0,254379,Camurlim,30,Goa
552,South Goa,586.0,2.0,5616,Salcete,5616.0,2.0,626904,Cana,626904,24600.0,254369,Benaulim,30,Goa
552,South Goa,586.0,2.0,5616,Salcete,5616.0,2.0,626917,Carmona,626917,25900.0,254382,Carmona,30,Goa
552,South Goa,586.0,2.0,5616,Salcete,5616.0,2.0,626920,Cavelossim,626920,26200.0,254385,Cavelossim,30,Goa
552,South Goa,586.0,2.0,5616,Salcete,5616.0,2.0,626910,Cavorim,626910,25200.0,254387,Chandor-Cavorim,30,Goa
552,South Goa,586.0,2.0,5616,Salcete,5616.0,2.0,626911,Chandor,626911,25300.0,254387,Chandor-Cavorim,30,Goa
552,South Goa,586.0,2.0,5616,Salcete,5616.0,2.0,626933,Chinchinim (Ct),626933,40215000.0,254391,Chinchinim- Deussa,30,Goa
552,South Goa,586.0,2.0,5616,Salcete,5616.0,2.0,626897,Colva,626897,23700.0,254395,Colva,30,Goa
552,South Goa,586.0,2.0,5616,Salcete,5616.0,2.0,926704,Cuncolim,0,,,,30,Goa
552,South Goa,586.0,2.0,5616,Salcete,5616.0,2.0,626926,Curtorim (Ct),626926,24500.0,254408,Curtorim,30,Goa
552,South Goa,586.0,2.0,5616,Salcete,5616.0,2.0,626928,Davorlim (Ct),626928,40209000.0,254409,Davorlim Dicarpale,30,Goa
552,South Goa,586.0,2.0,5616,Salcete,5616.0,2.0,626928,Davorlim (Ct),626928,40209000.0,254484,Rumdamol-Davorlim,30,Goa
552,South Goa,586.0,2.0,5616,Salcete,5616.0,2.0,626918,Deussua,626918,26000.0,254391,Chinchinim- Deussa,30,Goa
552,South Goa,586.0,2.0,5616,Salcete,5616.0,2.0,626909,Dicarpale,626909,25100.0,254409,Davorlim Dicarpale,30,Goa
552,South Goa,586.0,2.0,5616,Salcete,5616.0,2.0,626908,Dramapur,626908,25000.0,254413,Dramapur- Sirlim,30,Goa
552,South Goa,586.0,2.0,5616,Salcete,5616.0,2.0,626900,Duncolim,626900,24000.0,254497,Seraulim,30,Goa
552,South Goa,586.0,2.0,5616,Salcete,5616.0,2.0,626896,Gaundaulim,626896,23600.0,254395,Colva,30,Goa
552,South Goa,586.0,2.0,5616,Salcete,5616.0,2.0,626894,Gonsua,626894,23400.0,254370,Betalbatim,30,Goa
552,South Goa,586.0,2.0,5616,Salcete,5616.0,2.0,626903,Guirdolim,626903,24400.0,254418,Guirdolim,30,Goa
552,South Goa,586.0,2.0,5616,Salcete,5616.0,2.0,626889,Loutulim,626889,22800.0,254432,Loutulim,30,Goa
552,South Goa,586.0,2.0,5616,Salcete,5616.0,2.0,626902,Macasana,626902,24300.0,254433,Macasana,30,Goa
552,South Goa,586.0,2.0,5616,Salcete,5616.0,2.0,626892,Majorda,626892,23200.0,254434,Majorda,30,Goa
552,South Goa,586.0,2.0,5616,Salcete,5616.0,2.0,945836,Margao,0,,,,30,Goa
552,South Goa,586.0,2.0,5616,Salcete,5616.0,2.0,626913,Mulem,626913,25500.0,254468,Paroda,30,Goa
552,South Goa,586.0,2.0,5616,Salcete,5616.0,2.0,626888,Nagoa,626888,22600.0,254452,Nagoa,30,Goa
552,South Goa,586.0,2.0,5616,Salcete,5616.0,2.0,626930,Navelim (Ct),626930,40207000.0,254455,Navelim,30,Goa
552,South Goa,586.0,2.0,5616,Salcete,5616.0,2.0,626924,Nuvem (Ct),626924,23000.0,254460,Nuvem,30,Goa
552,South Goa,586.0,2.0,5616,Salcete,5616.0,2.0,626916,Orlim,626916,25800.0,254461,Orlim,30,Goa
552,South Goa,586.0,2.0,5616,Salcete,5616.0,2.0,626912,Paroda,626912,25400.0,254468,Paroda,30,Goa
552,South Goa,586.0,2.0,5616,Salcete,5616.0,2.0,626901,Rachol,626901,24200.0,254480,Rachol,30,Goa
552,South Goa,586.0,2.0,5616,Salcete,5616.0,2.0,626925,Raia (Ct),626925,24100.0,254481,Raia,30,Goa
552,South Goa,586.0,2.0,5616,Salcete,5616.0,2.0,626927,Sao Jose De Areal (Ct),626927,40210000.0,254510,St. Jose-De-Areal,30,Goa
552,South Goa,586.0,2.0,5616,Salcete,5616.0,2.0,626914,Sarzora,626914,25600.0,254495,Sarzora,30,Goa
552,South Goa,586.0,2.0,5616,Salcete,5616.0,2.0,626899,Seraulim,626899,23900.0,254497,Seraulim,30,Goa
552,South Goa,586.0,2.0,5616,Salcete,5616.0,2.0,626905,Sernabatim,626905,24700.0,254395,Colva,30,Goa
552,South Goa,586.0,2.0,5616,Salcete,5616.0,2.0,626915,Sirlim,626915,25700.0,254413,Dramapur- Sirlim,30,Goa
552,South Goa,586.0,2.0,5616,Salcete,5616.0,2.0,626907,Talaulim,626907,24900.0,254515,Telaulim,30,Goa
552,South Goa,586.0,2.0,5616,Salcete,5616.0,2.0,924823,Talvorda,0,,,,30,Goa
552,South Goa,586.0,2.0,5616,Salcete,5616.0,2.0,626893,Utorda,626893,23300.0,254434,Majorda,30,Goa
552,South Goa,586.0,2.0,5616,Salcete,5616.0,2.0,626898,Vanelim,626898,23800.0,254395,Colva,30,Goa
552,South Goa,586.0,2.0,5616,Salcete,5616.0,2.0,626932,Varca (Ct),626932,40206000.0,254523,Varca,30,Goa
552,South Goa,586.0,2.0,5616,Salcete,5616.0,2.0,924824,Varoda,0,,,,30,Goa
552,South Goa,586.0,2.0,5616,Salcete,5616.0,2.0,626921,Velim,626921,26300.0,254526,Velim,30,Goa
552,South Goa,586.0,2.0,5616,Salcete,5616.0,2.0,626923,Verna (Ct),626923,22700.0,254532,Verna,30,Goa
552,South Goa,586.0,2.0,5618,Sanguem,5618.0,4.0,626986,Antoriem,626986,31700.0,254491,Sanvordem,30,Goa
552,South Goa,586.0,2.0,5618,Sanguem,5618.0,4.0,627006,Bati,627006,33700.0,254373,Bhati,30,Goa
552,South Goa,586.0,2.0,5618,Sanguem,5618.0,4.0,626990,Boma,626990,32100.0,254423,Kalay(Kalem),30,Goa
552,South Goa,586.0,2.0,5618,Sanguem,5618.0,4.0,626988,Calem,626988,31900.0,254423,Kalay(Kalem),30,Goa
552,South Goa,586.0,2.0,5618,Sanguem,5618.0,4.0,627013,Colomb,627013,34400.0,254483,Rivona,30,Goa
552,South Goa,586.0,2.0,5618,Sanguem,5618.0,4.0,626998,Comproi,626998,32900.0,254491,Sanvordem,30,Goa
552,South Goa,586.0,2.0,5618,Sanguem,5618.0,4.0,626997,Coranginim,626997,32800.0,254491,Sanvordem,30,Goa
552,South Goa,586.0,2.0,5618,Sanguem,5618.0,4.0,626996,Costi,626996,32700.0,254423,Kalay(Kalem),30,Goa
552,South Goa,586.0,2.0,5618,Sanguem,5618.0,4.0,627000,Cotarli,627000,33100.0,254521,Uguem,30,Goa
552,South Goa,586.0,2.0,5618,Sanguem,5618.0,4.0,627007,Cumbari,627007,33800.0,254373,Bhati,30,Goa
552,South Goa,586.0,2.0,5618,Sanguem,5618.0,4.0,627012,Curdem,627012,34300.0,254406,Curdi,30,Goa
552,South Goa,586.0,2.0,5618,Sanguem,5618.0,4.0,627009,Dongor,627009,34000.0,254373,Bhati,30,Goa
552,South Goa,586.0,2.0,5618,Sanguem,5618.0,4.0,626992,Dongurli,626992,32300.0,254423,Kalay(Kalem),30,Goa
552,South Goa,586.0,2.0,5618,Sanguem,5618.0,4.0,626995,Dudal,626995,32600.0,254423,Kalay(Kalem),30,Goa
552,South Goa,586.0,2.0,5618,Sanguem,5618.0,4.0,627015,Kurpem,627015,34600.0,254406,Curdi,30,Goa
552,South Goa,586.0,2.0,5618,Sanguem,5618.0,4.0,626994,Maulinguem,626994,32500.0,254423,Kalay(Kalem),30,Goa
552,South Goa,586.0,2.0,5618,Sanguem,5618.0,4.0,626999,Muguli,626999,33000.0,254521,Uguem,30,Goa
552,South Goa,586.0,2.0,5618,Sanguem,5618.0,4.0,627010,Naiquinim,627010,34100.0,254373,Bhati,30,Goa
552,South Goa,586.0,2.0,5618,Sanguem,5618.0,4.0,627018,Neturlim,627018,34900.0,254458,Neturlim,30,Goa
552,South Goa,586.0,2.0,5618,Sanguem,5618.0,4.0,627019,Nundem,627019,35000.0,254458,Neturlim,30,Goa
552,South Goa,586.0,2.0,5618,Sanguem,5618.0,4.0,626991,Odxel,626991,32200.0,254423,Kalay(Kalem),30,Goa
552,South Goa,586.0,2.0,5618,Sanguem,5618.0,4.0,626993,Patiem,626993,32400.0,254521,Uguem,30,Goa
552,South Goa,586.0,2.0,5618,Sanguem,5618.0,4.0,627011,Porteem,627011,34200.0,254406,Curdi,30,Goa
552,South Goa,586.0,2.0,5618,Sanguem,5618.0,4.0,627005,Potrem,627005,33600.0,254373,Bhati,30,Goa
552,South Goa,586.0,2.0,5618,Sanguem,5618.0,4.0,627014,Rivona,627014,34500.0,254483,Rivona,30,Goa
552,South Goa,586.0,2.0,5618,Sanguem,5618.0,4.0,626985,Rumbrem,626985,31600.0,254491,Sanvordem,30,Goa
552,South Goa,586.0,2.0,5618,Sanguem,5618.0,4.0,627002,Salauli,627002,33300.0,254521,Uguem,30,Goa
552,South Goa,586.0,2.0,5618,Sanguem,5618.0,4.0,945842,Sanguem,0,,,,30,Goa
552,South Goa,586.0,2.0,5618,Sanguem,5618.0,4.0,626987,Santona,626987,31800.0,254491,Sanvordem,30,Goa
552,South Goa,586.0,2.0,5618,Sanguem,5618.0,4.0,627021,Sanvordem (Ct),627021,40211000.0,254491,Sanvordem,30,Goa
552,South Goa,586.0,2.0,5618,Sanguem,5618.0,4.0,627017,Sigonem,627017,34800.0,254373,Bhati,30,Goa
552,South Goa,586.0,2.0,5618,Sanguem,5618.0,4.0,627004,Todou,627004,33500.0,254373,Bhati,30,Goa
552,South Goa,586.0,2.0,5618,Sanguem,5618.0,4.0,627003,Uguem,627003,33400.0,254521,Uguem,30,Goa
552,South Goa,586.0,2.0,5618,Sanguem,5618.0,4.0,627020,Verlem,627020,35100.0,254458,Neturlim,30,Goa
552,South Goa,586.0,2.0,5618,Sanguem,5618.0,4.0,627016,Vichundrem,627016,34700.0,254458,Neturlim,30,Goa
552,South Goa,586.0,2.0,5618,Sanguem,5618.0,4.0,627008,Viliena,627008,33900.0,254373,Bhati,30,Goa
552,South Goa,586.0,2.0,5618,Sanguem,5618.0,4.0,627001,Xelpem,627001,33200.0,254521,Uguem,30,Goa
